,mid_hip_x,mid_hip_y,mid_hip_z,neck_x,neck_y,neck_z,lhip_x,lhip_y,lhip_z,lknee_x,lknee_y,lknee_z,lankle_x,lankle_y,lankle_z,lbigtoe_x,lbigtoe_y,lbigtoe_z,lsmalltoe_x,lsmalltoe_y,lsmalltoe_z,lheel_x,lheel_y,lheel_z
0,0.010289987012165795,0.7946089462342621,-3.31110681110222,-0.012914762487097619,1.280662464862091,-3.3359421408317163,0.09761935772579153,0.8132670398207673,-3.3160440826502717,0.0,0.0,0.0,0.0,0.0,0.0,0.09523628865016741,-0.02402049705754189,-3.347530906222278,0.0,0.0,0.0,0.06892415489581327,0.03397459846277411,-3.429911722420107
1,0.0,0.0,0.0,-0.01305275788583026,1.2807401572892267,-3.336726654538741,0.09711883177668847,0.815367201184147,-3.3211784801493933,0.09204230194965783,0.45359190066646454,-3.3804489890509064,0.0,0.0,0.0,0.09102690829654438,-0.02329110334366601,-3.388215360509819,0.0,0.0,0.0,0.07668838276520029,0.03367429068384018,-3.436713222095985
2,0.009054254824859527,0.7945490696701127,-3.3222854173443293,-0.01401492320356084,1.2813450417327195,-3.343986522079769,0.09609286573717316,0.8142606952828204,-3.3310991788000637,0.09379754185244843,0.4545760058515018,-3.3641480602590454,0.0854757928136733,0.07444085974803744,-3.398581549927707,0.09018384179121966,-0.01879607445164919,-3.39657942122033,0.15433866759214412,0.0013589370309139213,-3.410864826295606,0.08357410957394086,0.03674296793953272,-3.4161153043743626
3,0.007835197787900199,0.7944305779531228,-3.3321370284348366,-0.013167407821255268,1.280744595970536,-3.336858918767629,0.09561378579756848,0.8084277006452084,-3.335741312843902,0.09343643027739017,0.45432160805081934,-3.3664009262060683,0.08273259273448605,0.0674467527710944,-3.403096119002081,0.09014308598568385,-0.014853177062182624,-3.39671538983736,0.0,0.0,0.0,0.08255092701499553,0.036921376187414694,-3.4140514331265304
4,0.008615218050363695,0.7943372827385312,-3.325366045103921,-0.014118573004697339,1.2813438296634956,-3.3441551260086424,0.09528563068893374,0.7999276302161571,-3.3388910703059804,0.09424347122324343,0.45474683093817125,-3.3571688644356277,0.07930843361951957,0.06367873774840041,-3.3953936718394053,0.0898196199281511,-0.013034357893938591,-3.399735767965021,0.14877304334348956,0.008014271826381276,-3.3998247096630365,0.07727492970915341,0.036874955441065824,-3.4117377071312007
5,0.0,0.0,0.0,-0.014835950312717443,1.2818201675694851,-3.349776750573864,0.09499391196954485,0.7940169803525408,-3.3416618953468142,0.09448753840546686,0.45486652429687524,-3.35394449298605,0.07906954231958975,0.06483615790373108,-3.393687563750239,0.09024904373404195,-0.011790909402020475,-3.3967068236909443,0.14761808205845728,0.006357959159590507,-3.408694482648318,0.07254183588008078,0.037350904712046315,-3.4059774490802925
6,0.007919610583634893,0.7943135466745332,-3.3306351563116694,-0.01413089069524193,1.281379306976987,-3.3441549766464362,0.09464972448909964,0.7951023570565429,-3.3447822042996527,0.0941926972304343,0.4546879316382384,-3.357121709107525,0.0838621904973968,0.06850176149414813,-3.393232072540831,0.0908601511375336,-0.012858381254300695,-3.3926325373831365,0.15248044198734398,0.005862266975227385,-3.4099686080039366,0.06999499716278132,0.03669702450146104,-3.41027970099521
7,0.0,0.0,0.0,-0.014249776333460317,1.2814774635470918,-3.344989723448802,0.09410497787217151,0.8021031452027088,-3.3496239405189,0.09377636852920597,0.45443582226831947,-3.362264837443691,0.08818696711960734,0.0672023412664521,-3.406561311798807,0.09529114263572064,-0.012641419571045219,-3.3521953683109933,0.0,0.0,0.0,0.07061083511552192,0.036684279025443856,-3.410552969278683
8,0.007762009217189074,0.7944954484014849,-3.332090876752654,-0.014300317496611285,1.2815100719533707,-3.345162662324817,0.09449873736095799,0.8085494688456046,-3.3457975607626214,0.09499275881431014,0.45511788653197494,-3.3519178562587144,0.09151714908650006,0.0650725983942699,-3.399134403839153,0.09935656688799639,-0.015275602424042575,-3.3141268772880443,0.0,0.0,0.0,0.07221674359341966,0.0372228520457773,-3.4063890667921966
9,0.007859126515185097,0.7945052112593596,-3.331349255505037,-0.015314778385888872,1.282169030084907,-3.353027088967359,0.09442940878138183,0.8085541856856419,-3.3466587262972576,0.09400111682912649,0.4545206350118982,-3.3616039314657775,0.09093965077715546,0.06408253218152271,-3.3981581272910657,0.1004052067347538,-0.01944396696832905,-3.3039728121419016,0.0,0.0,0.0,0.07319901259850645,0.037676326239044954,-3.402703474653067
10,0.0,0.0,0.0,-0.015060201707593989,1.2820020405202783,-3.351013168658188,0.09445758379642324,0.8026159054734453,-3.346734122665463,0.09401774098615624,0.45453224601927955,-3.3613563523601213,0.08918032594746785,0.06752759157052521,-3.402916946324518,0.09950864528888223,-0.01941478326791315,-3.31242471227831,0.0,0.0,0.0,0.07274799917659289,0.037045850730248846,-3.4075995373485686
11,0.00690029763441521,0.7943596946777478,-3.3386869356584885,-0.01500282055480602,1.281985222767994,-3.350781870059926,0.09433120141612505,0.7963431936786053,-3.347968063637411,0.0,0.0,0.0,0.08948721996601199,0.0741548685407966,-3.3982809744369415,0.09612926490545101,-0.01731658436400761,-3.3445184583341065,0.0,0.0,0.0,0.07207131349311885,0.03697896942840066,-3.4085153626133473
12,0.0,0.0,0.0,-0.014884422385387666,1.2819348192962612,-3.3500703131109293,0.09421998139504319,0.7940079692718532,-3.3487615294752513,0.09388838622349732,0.4544914723740591,-3.362881672021959,0.09000441907545081,0.07726603167353449,-3.3980491876878096,0.09174340400698144,-0.017807864483469812,-3.3857911346332226,0.0,0.0,0.0,0.07051434752278118,0.03671386257539814,-3.410477776851863
13,0.006548621303201969,0.794291104643693,-3.341293803509305,-0.015259543003112015,1.2821973335478067,-3.353034215855905,0.09435954685824424,0.795014988152724,-3.3472773091400185,0.0,0.0,0.0,0.08996351126180616,0.07600068956504862,-3.4012305315342353,0.09223370591287955,-0.017895899587574378,-3.3807551169030883,0.0,0.0,0.0,0.07029309733197482,0.03709157745501284,-3.407557016222813
14,0.007719426528469,0.7942939870403768,-3.332066726825299,-0.015295956941935685,1.2822169581781213,-3.3530387016287935,0.09398415140751235,0.7963554136750736,-3.3508120911779113,0.09307211829728737,0.45397387329494326,-3.3715802975190567,0.09065035311986298,0.07486403258047704,-3.3947104168441573,0.09342023783107613,-0.02050444835755741,-3.368791648965462,0.0,0.0,0.0,0.07342852374307557,0.037668365149838165,-3.404494002718996
15,0.0,0.0,0.0,-0.014843668995786572,1.2819083273186538,-3.349190982599245,0.09466262954155087,0.7964783947429035,-3.344443531270702,0.0,0.0,0.0,0.08989399433135219,0.0737514171592835,-3.40216667185993,0.09481533902666257,-0.019515425182722538,-3.3548978936197504,0.0,0.0,0.0,0.07868826800517809,0.03722934307278939,-3.410648045797471
16,0.006460857935753609,0.794234320930959,-3.342355033754332,-0.014427308351964768,1.281633854740346,-3.345986992197731,0.09384443481988984,0.7958483734873194,-3.3519524023547556,0.09359104771031815,0.4543014569563529,-3.366699498179699,0.09033618493052148,0.07606062936945955,-3.398685510936079,0.09169233225348904,-0.01901599178503676,-3.383626240416751,0.0,0.0,0.0,0.08296906432899714,0.0372663004653765,-3.4126601928499167
17,0.005357107982984587,0.7941672548960755,-3.351039505617089,-0.013875248916497185,1.281269231406717,-3.341910155596003,0.0940246039855507,0.7954686675935935,-3.3502101250043226,0.09265056079811308,0.4537540241434008,-3.375331930950722,0.09007435992159424,0.07732928415185358,-3.3985630901073263,0.08950755042432985,-0.015802680145085277,-3.4036699783678976,0.0,0.0,0.0,0.0826122683660663,0.03804259202773232,-3.4062511550885453
18,0.006197757429286241,0.7940875059733621,-3.3440315851225875,-0.014052356343003282,1.2813428244254352,-3.3431487963107283,0.09350585800660764,0.7955190284288374,-3.355187444106142,0.09268056246309317,0.4537266967321384,-3.3748944038561484,0.08942438821401617,0.07466474587339275,-3.399751307184262,0.08915891445333375,-0.013457094741661365,-3.406370814378008,0.0,0.0,0.0,0.07816202539973449,0.037561481866145524,-3.4072662745772955
19,0.0,0.0,0.0,-0.01481501367035611,1.2817426190485404,-3.34825205268398,0.09305719019447775,0.7956929443965859,-3.3593017592762977,0.0,0.0,0.0,0.09029820960116035,0.06931907343982903,-3.3929443602536833,0.08888573290292794,-0.014548995053808767,-3.408221243852042,0.1408812386051324,-0.0027287068892192677,-3.419360350081333,0.0772773880266954,0.03750862484949806,-3.406549475915614
20,0.0,0.0,0.0,-0.013614416807729356,1.28087603591792,-3.3381897008847017,0.09370463633930262,0.7957772311842453,-3.352765521942441,0.09216769115012396,0.45340061171329005,-3.3793942561012713,0.09033150987333152,0.06232936694814759,-3.4050685472200115,0.08925507003303017,-0.015485154426949747,-3.404285809733673,0.13991569357393707,-0.007386922970640853,-3.41319183192928,0.08174408868950558,0.03674516000210565,-3.41437228385446
21,0.006267093901403314,0.7943197002412579,-3.34344080156232,-0.013137222364937485,1.2806641958709961,-3.336280580652551,0.09271214430525065,0.7957546667724499,-3.361802729768981,0.0,0.0,0.0,0.09111902563727636,0.06227490403945558,-3.4065398024850286,0.08892764675636397,-0.016242563148357588,-3.4074844747156536,0.14038201406112905,-0.008415112369580697,-3.421135913444945,0.08850358108910308,0.03690114060490225,-3.4165002214288602
22,0.004591065692423342,0.7944579373916566,-3.3574395571143465,-0.013403898824161048,1.2810797719379148,-3.3420411296672117,0.09320392979845457,0.7957869142270153,-3.3580511746727453,0.0,0.0,0.0,0.08888817140245345,0.06766747842622282,-3.406112179591852,0.08873846186106658,-0.016031742650997216,-3.409735542228255,0.14121368716591512,-0.0037697154461177433,-3.4272238579180647,0.09013104285063606,0.03695692038138304,-3.4172054278580806
23,0.005964781297693662,0.7942029992637313,-3.3472693520216175,-0.01323824229419688,1.280960765960849,-3.3410213376198503,0.0929581947826024,0.7958240312765296,-3.3621512776688216,0.09186134319508886,0.4533857270557359,-3.381887482254555,0.08293199242380223,0.0731910942176952,-3.406438852138164,0.0886974250375178,-0.015725726416801363,-3.4102945167832113,0.14128388030176064,0.0027220200345370246,-3.423234336801374,0.08464354026028838,0.037081507759440795,-3.4140203255685027
24,0.0,0.0,0.0,-0.014235388440458052,1.2810559530176797,-3.342084743495041,0.09301128069442297,0.7958226966565554,-3.362697011708213,0.0,0.0,0.0,0.07757837233803298,0.07540120244050331,-3.4050960299004718,0.08909033766986056,-0.01512372248146363,-3.4062643166253093,0.14025926132648453,0.006126445358716126,-3.4157854366758866,0.07527246325830089,0.03650605930262452,-3.4145171608133196
25,0.005827036769216306,0.7938031648328558,-3.3506947099253432,-0.015165312014545577,1.2811250288468459,-3.3429624547685757,0.09295897829867311,0.795757803502981,-3.3621785480730075,0.09154267380103971,0.45319468248873224,-3.383436869535912,0.07781421407622986,0.0751085678316162,-3.4015259539064946,0.0885770915923328,-0.015768776164382645,-3.410755698824216,0.13974188572846863,0.005632954696381148,-3.4144314784816463,0.06993914810205978,0.03741443222512453,-3.405238663673247
26,0.005561518624291466,0.795092298418191,-3.351863272661801,-0.013292426922069637,1.2807872332640622,-3.3399994526268104,0.09289426913392686,0.7956834194925764,-3.361351777989,0.09124960357966666,0.45304450322659856,-3.3858770147919612,0.08293601789983944,0.07402787107311247,-3.4031215836905058,0.08854923479500644,-0.015838961431158396,-3.4113515564813763,0.14168184151657887,0.0031255915144869847,-3.425035075759863,0.07019140088930487,0.03713927166820599,-3.407928308244908
27,0.0,0.0,0.0,-0.00799639283295204,1.2804682288790847,-3.3382848254466007,0.09269517757060111,0.7956390302685765,-3.3646762462947404,0.09099871608581503,0.45289990184707857,-3.388673754368541,0.08864793959905194,0.07375566739591222,-3.4053219742406466,0.08878001834556562,-0.015909325751226562,-3.4101073829039907,0.14797279010674402,0.0038280276817826576,-3.4190761351603327,0.07620512679329147,0.03700849246542293,-3.412184709983945
28,0.004326785452259912,0.79353985411557,-3.359645838208551,-0.001393131002458972,1.2804957284174938,-3.3401905960162352,0.09326131622954,0.7956301659731205,-3.3636067045247726,0.0,0.0,0.0,0.09080495516481056,0.07363206398320188,-3.408323240061921,0.08925396156775951,-0.01574095883626029,-3.40642042619921,0.15331249469504898,0.006126842019714047,-3.4050620716892963,0.08419337047968514,0.037743934017389395,-3.4104050528054257
29,0.005222218083717735,0.7875164501955673,-3.3564212579753083,0.004003698870184849,1.28029943089675,-3.3372822715301314,0.09331533004448653,0.7955977436223067,-3.3639158500981603,0.0909285094050336,0.45274227904875,-3.3905228765965254,0.09041555787255032,0.07430959268760552,-3.4049720111262864,0.08917993106826783,-0.015475813627608772,-3.407228307729369,0.0,0.0,0.0,0.08870477956788272,0.03784474762216052,-3.411660938093617
30,0.0,0.0,0.0,0.0053425740744722245,1.2805039642582565,-3.338313286026288,0.09298529478698378,0.7955492695027843,-3.359541911976857,0.09127416633279671,0.45291056491282444,-3.3870371261056555,0.09021086302524742,0.07626488824123152,-3.3951476927837665,0.08871615087162468,-0.014660224522834027,-3.411349512992745,0.14918097159886592,0.006441412110716328,-3.41548501470506,0.08930657920369516,0.037869524644639344,-3.411305160728678
31,0.0058643377182158365,0.7820212191714044,-3.3546131524446814,0.004544190913679131,1.2803799941459069,-3.338304395142606,0.09170060457491007,0.7955027840542127,-3.3643464546901467,0.0915931252364452,0.453130449836161,-3.383614977114368,0.08876211058239107,0.0753989272410853,-3.407176865118315,0.08866468317939831,-0.014109141596041696,-3.411794236070781,0.0,0.0,0.0,0.08820213413179483,0.03757154939614293,-3.41266386828211
32,0.004752041581048104,0.7875138136316688,-3.3523940715344214,0.003146449205901604,1.2803520189262485,-3.343230482338418,0.09336560529581908,0.795540495820208,-3.3626760286707515,0.09108011689180387,0.4528860209093777,-3.3884342787432855,0.0,0.0,0.0,0.0895695020459877,-0.0157946898106631,-3.4034050114062544,0.0,0.0,0.0,0.08800328484685946,0.03711491603455414,-3.4162745911522134
33,0.0031517730533144003,0.7935199813439155,-3.359994697977434,0.003759887440902389,1.2798437664288909,-3.3391422734970995,0.09812915360837837,0.7956274595654687,-3.3648648157650953,0.09157281226348624,0.45314756947403295,-3.3844662949061286,0.09018396491884147,0.06970545503546634,-3.401374629138139,0.091758635951023,-0.01888276132787547,-3.382669004787594,0.15094619224982034,-0.0015536167189541174,-3.4132070087261734,0.0891920972742185,0.03752081051800997,-3.4144228037805524
34,0.0064894337706119815,0.7959430784467704,-3.355519131327446,0.0038912685326483827,1.2808559634732728,-3.3420711075038034,0.10480714046993535,0.7957174955597386,-3.36545344139605,0.0,0.0,0.0,0.08983635776205091,0.06264905767786803,-3.403101879900023,0.09372432853144938,-0.020739226894477155,-3.363782686168484,0.1495247821920285,-0.005661881730509151,-3.409320806997168,0.08790089990230507,0.03720140476620884,-3.4165390310306676
35,0.01292151899381679,0.7951122853640031,-3.3516180386451815,0.0045710729117700456,1.2816162459316673,-3.3385066650197692,0.10951090264056244,0.7957552332836051,-3.3682801436858414,0.0,0.0,0.0,0.089296264432812,0.05723230010756458,-3.4055156709778385,0.0933532736387391,-0.020357441528050912,-3.3671181221045057,0.14839428673224445,-0.006673836275047563,-3.4223756762433,0.08363725161706077,0.037471751472004766,-3.4103892786940517
36,0.0,0.0,0.0,0.004039362257657502,1.2809270210392056,-3.3426435464646875,0.11182434046999441,0.7957801320221862,-3.3600283339224264,0.09085671496892832,0.4525330921940013,-3.391901358977488,0.08898011687161796,0.05551860811185327,-3.4072856924441033,0.09135146408362067,-0.019105131797360456,-3.386181217297472,0.0,0.0,0.0,0.07668726563717206,0.036611115848264715,-3.4105962512210013
37,0.016305975418926835,0.7936550943778833,-3.3540196242911713,0.004059944114370751,1.2758027965700245,-3.3423185021401016,0.11084732730030163,0.7957920169356665,-3.3611166613649055,0.09153206878173131,0.4531698401750895,-3.384694129727738,0.08874879057694102,0.056083401332046943,-3.409623697106616,0.09151071380277029,-0.018017638326546147,-3.3848537657015347,0.0,0.0,0.0,0.07137121437191803,0.03609068104457435,-3.412409409291626
38,0.012114939734248936,0.7941973640831356,-3.356039248762752,0.003834159837210507,1.2681449691937723,-3.3445981333913477,0.10997493356702699,0.7958410872093564,-3.360505872651943,0.09133990756313909,0.4531520613627472,-3.3864408857038595,0.08929795761217701,0.05758552426697662,-3.404938418285327,0.09280216178945051,-0.020753785795713953,-3.372239354667479,0.14807958782296834,-0.005602536053807341,-3.4167843734370824,0.07027508279826776,0.037224372337348426,-3.4096404244393357
39,0.012163365622633933,0.7945997052683137,-3.3482956885190807,0.004305346751864533,1.2618371030027662,-3.340831774149537,0.10973660676257793,0.7959050831003232,-3.3627534495923483,0.0916595540945492,0.45293205320339835,-3.384498932865522,0.08962828257322161,0.05789288621678003,-3.4020863313161405,0.09590198259956072,-0.02240139291968643,-3.3421980123511568,0.1427834642182501,-0.011561189263467782,-3.4136205259581427,0.07118767225492922,0.03790887947070354,-3.4099413112957047
40,0.017082685642815534,0.794622450047151,-3.344465294007691,0.003712714007343436,1.262218845044039,-3.345652930542127,0.11050513986395219,0.7959682367892972,-3.360106475976531,0.0,0.0,0.0,0.08925000872773342,0.056910565660196824,-3.405669355308363,0.09827719508104889,-0.02181953337932504,-3.319132372631167,0.13976752386257624,-0.0147366931926652,-3.4141115314988277,0.07269490820712593,0.037073844653867524,-3.4043970406327606
41,0.0,0.0,0.0,0.004433694380235636,1.2678956061522795,-3.3415637965782796,0.11108998370402656,0.7960192142439221,-3.3573433251400324,0.0,0.0,0.0,0.08921118812312352,0.05662581396463685,-3.4057630170517337,0.0975299384067622,-0.022105349269520617,-3.325945630837639,0.1400288864638343,-0.014273957724765125,-3.415203359521904,0.07211640266892118,0.03153225758450276,-3.4089757069777584
42,0.025641775430325423,0.7946148695527183,-3.3451260545728485,0.004599823644926516,1.275897655232017,-3.3435301666309436,0.11131698529054483,0.7960801429756149,-3.354181915346843,0.09199743516515639,0.45425884446736864,-3.3793049346174535,0.08886914442907852,0.05636061239288535,-3.408445180740575,0.09696355637406259,-0.021554137995842666,-3.3315906167533744,0.14113399448607974,-0.013166556890794084,-3.418057938721817,0.07145075320779808,0.024780823662864635,-3.410870511291895
43,0.025970956750675952,0.7947570543177139,-3.336690976302575,0.003985740032557373,1.2813951240892913,-3.3484069039668456,0.11063677825367069,0.7961306542851462,-3.3580509265648018,0.0,0.0,0.0,0.08926185784803749,0.05704469239615992,-3.4042819096221955,0.09663276366636774,-0.021986972005947337,-3.3353101287506397,0.14193943538294002,-0.012375032004883223,-3.415156964313026,0.07122088036902624,0.019574346252819282,-3.4117214730058283
44,0.02399270658373507,0.7947667998173187,-3.3415599583925846,0.0034286373286690265,1.282158137229445,-3.345344065289385,0.11099043782846588,0.7961426476254595,-3.353488932634949,0.0,0.0,0.0,0.089464297412735,0.057242818639202026,-3.402274717406106,0.09699595065847455,-0.022289617482502536,-3.3325283158311634,0.1407943588605844,-0.01413434493453883,-3.4233173968698547,0.07156512341774005,0.01743834359104909,-3.40996329024473
45,0.0,0.0,0.0,0.0019616515372917432,1.2814519433752012,-3.3498941509032467,0.11141752568299615,0.7960461745126781,-3.3519543294408782,0.09283495540865067,0.44679694376421436,-3.378090285386026,0.08911763132917616,0.05654251311154564,-3.405730010237541,0.09727696147261508,-0.022194356523189355,-3.330224987906945,0.1409849417418785,-0.013796676556407874,-3.4167186200412485,0.07134720176107975,0.01710113627358055,-3.4122290422614965
46,0.024895243162056487,0.7944717107108051,-3.3360060994413323,0.004320466001069349,1.2800161566819317,-3.342333980533243,0.112807164972441,0.7959067421839542,-3.343252989613544,0.0923174656223352,0.4414008903538342,-3.3759124951259136,0.08932532790844414,0.05663786872145022,-3.4039683402823733,0.09720251493306563,-0.021777869608076175,-3.330736373017616,0.14148354850125514,-0.013037854024191631,-3.4108983362592284,0.07147639572791667,0.01980078278340477,-3.4097000440613336
47,0.02617072865422216,0.7944093892580483,-3.3287098051105324,0.008753629653814415,1.2805530061313388,-3.3476222539550755,0.11336854355080822,0.795811589080503,-3.3382933573781512,0.09173836931727544,0.4414793110253411,-3.373917157657538,0.0892514565360138,0.056836269502208325,-3.4047534920979903,0.09641698316770884,-0.022500027057166732,-3.337516116988656,0.14088952624810072,-0.013925394057384551,-3.4205667315561037,0.07130712717494095,0.024630600689417463,-3.4118774293773524
48,0.025050187598200806,0.7944522818533951,-3.3379243498448425,0.014976605878420741,1.281339129768908,-3.3532389328021153,0.11245518973097933,0.7958241153741399,-3.338978160073445,0.0,0.0,0.0,0.08956918381699967,0.05778217566926827,-3.40201775646912,0.09675811116184105,-0.022669464013754748,-3.333781617179874,0.14239163282658604,-0.011682587392342441,-3.4099539775396077,0.07244721214763371,0.032013310462703316,-3.4057744237438423
49,0.02515541798717254,0.794586546431184,-3.3357752859913514,0.02097830162013429,1.280712522338366,-3.3456745780179746,0.1119109649453486,0.7959270088730102,-3.3366719485314253,0.0,0.0,0.0,0.08966064383201723,0.05792976548347497,-3.4017997635012422,0.09686743838833507,-0.023227856181291258,-3.3327032893832143,0.14199094003074014,-0.011965717664001658,-3.4136279009996255,0.07281032649951351,0.03707430012076037,-3.4049057549865838
50,0.0,0.0,0.0,0.02182792686441826,1.2809738183447126,-3.350702265585691,0.11390672798364977,0.7960505313311237,-3.332000220195868,0.0,0.0,0.0,0.08967448634808807,0.056963228052726834,-3.402465977418872,0.09587102525996755,-0.023098882262743075,-3.3425063819252188,0.14112726026017128,-0.012763909131520392,-3.4127816736775776,0.07190742778314473,0.03838034116781762,-3.4063906806556563
51,0.026695457609207267,0.7946986456323377,-3.3241654148107673,0.02033132653574097,1.2814295142981977,-3.3558416583251156,0.11859138142269063,0.7961392055439,-3.3354841373067114,0.11070775406964839,0.45573013133087603,-3.365904660416746,0.08957260943859478,0.05587636065153583,-3.403973901079012,0.09399538378788089,-0.02083816348143739,-3.3608115596513626,0.1399509071291272,-0.01450607835668393,-3.4159956004630625,0.07118539807845048,0.03806399430697189,-3.4024188383751373
52,0.02697241648024294,0.7946704287802013,-3.323143317498079,0.019872308969238476,1.2812683988752442,-3.3522396778627828,0.12548918230854014,0.796221963363341,-3.3343483039999,0.11231992791947931,0.4545790762896294,-3.364140791610775,0.08938029367814017,0.05704280160566054,-3.4060658961846064,0.09054400329210148,-0.01916160457272224,-3.393995043954291,0.14205892968518366,-0.012584939317652925,-3.4097679882708416,0.07183302482238162,0.036878163775335794,-3.4050721305456704
53,0.02764916303857291,0.7946652593073056,-3.31808449537609,0.01998699559582576,1.281081320957626,-3.3516937547270795,0.13066473582504382,0.796276614237139,-3.3325660203021346,0.11142186722438277,0.4543460136094283,-3.3647095599494814,0.09014511141100161,0.06299903788451758,-3.399307400294671,0.08967454358824818,-0.01547909238548806,-3.403046749401819,0.1484912270855063,-0.005070320205560619,-3.396396431810699,0.07678828102574539,0.03690785574869665,-3.4074443123580016
54,0.0,0.0,0.0,0.020058137776505534,1.2809193141141386,-3.3549974657257886,0.13270121380574487,0.7962889435909735,-3.3265603278238127,0.0,0.0,0.0,0.08946361597517916,0.06901132548611008,-3.4064654623648076,0.08887960512619855,-0.01434820840693959,-3.4114037575307647,0.15367213490903986,0.0010648031817731861,-3.4146843320865425,0.0840451871769269,0.0368948349306894,-3.4149388864906327
55,0.0,0.0,0.0,0.02026802372221289,1.280878868934315,-3.3550243305741843,0.13267508444600212,0.7963053072966302,-3.3182712473236196,0.0,0.0,0.0,0.08952381933422526,0.07422497394601192,-3.40654705521631,0.08906587478053098,-0.013876485328842818,-3.4103099373149437,0.0,0.0,0.0,0.08963746711324189,0.03723122569441091,-3.4169596018752926
56,0.0,0.0,0.0,0.021529841121720496,1.2808444048561058,-3.3436944228451084,0.13115299158547214,0.7964062463411878,-3.3245221463721966,0.0,0.0,0.0,0.09023536076444214,0.07665134414258233,-3.399765694144828,0.08953924478813013,-0.015158786470873167,-3.4062009917482903,0.16331489142290945,0.011294073634498658,-3.3817761267561157,0.08942933330633525,0.037903677030226506,-3.4105911829606916
57,0.0,0.0,0.0,0.019876247932062312,1.2828219931269569,-3.3567031474082745,0.13249017629572019,0.79663933075698,-3.3113471763019717,0.0,0.0,0.0,0.08959226389210158,0.0749262853132335,-3.4049541736638655,0.09063345633866368,-0.018968695330820764,-3.3959774746453393,0.0,0.0,0.0,0.08327595792849843,0.037851747588186754,-3.4064333636874404
58,0.029978520095271334,0.7949534882197803,-3.2997135844750156,0.020651467612252988,1.2808697866295966,-3.3507605730392656,0.13307146124470245,0.796649731251441,-3.3098724439366864,0.0,0.0,0.0,0.089864253272163,0.0739483974437914,-3.4015588054108696,0.09282282810817281,-0.023771481480167382,-3.3751200556548047,0.0,0.0,0.0,0.07667051254322962,0.0369463502786482,-3.4099419257325696
59,0.028385526737177202,0.7946836639398513,-3.3121990630523133,0.021392492013375262,1.275355711339847,-3.3458092450303614,0.13275330008281788,0.7961998256192431,-3.3151692161917885,0.11167026934329687,0.4554135262540163,-3.35784374134166,0.0903720259077948,0.07438344123905143,-3.3967597470503876,0.09773521915639707,-0.022853436186225908,-3.328606099706934,0.0,0.0,0.0,0.07661587417476114,0.03740088123327644,-3.4069530245581507
60,0.0,0.0,0.0,0.02027926931392062,1.2693063733041305,-3.356011931093426,0.13277046006558169,0.7957111930022668,-3.3141912057111336,0.11230632265046359,0.45580749082908645,-3.352438205753195,0.09047659311409625,0.07569931498297496,-3.3965469296296904,0.09798375354015638,-0.021809493295458823,-3.3263535843980283,0.0,0.0,0.0,0.08185867311147434,0.03777532507982659,-3.407298205980961
61,0.0,0.0,0.0,0.020428090584324765,1.264193310872477,-3.3550804254113693,0.13220807089250725,0.7961268507832102,-3.318632977070268,0.11175680353982716,0.4554148042333122,-3.359116586849424,0.09007402794126033,0.07655134629710397,-3.4012050309018598,0.09294471269467931,-0.021913645467651236,-3.374364180831272,0.16044978139271848,0.008762847424009693,-3.398917064070185,0.08766856475715155,0.03746035115908728,-3.41294790559447
62,0.031240121913405118,0.7953841828994036,-3.2931272424216136,0.020432264000050736,1.2627403515833302,-3.355102239867998,0.1331416798023427,0.7976141563181594,-3.309370126263858,0.1119760760694387,0.45550100768526947,-3.3575588641059584,0.09011206838531115,0.07554371235094584,-3.401140014966147,0.09085262180326492,-0.018018315150630373,-3.394185013353229,0.0,0.0,0.0,0.09136546714838607,0.03770882329204352,-3.4127127809575826
63,0.029986531736799975,0.79606284267188,-3.3037658479461505,0.020678500251480218,1.2633396057532758,-3.353086193976306,0.1324848793414151,0.7981234540729675,-3.316486159369599,0.11202266994576786,0.45552459321183675,-3.3566651301836306,0.09028711298846168,0.07038788740663006,-3.3991778556297323,0.09139416438263862,-0.017060617712548208,-3.3877719624905196,0.0,0.0,0.0,0.09131034933708207,0.03796743850721009,-3.4103304124948077
64,0.02983499744466974,0.7943807920977954,-3.297393590080564,0.020542758367912542,1.2642412477959362,-3.354239587828196,0.13378823992292735,0.7951461921484302,-3.3035954517594974,0.11249537890570582,0.4557777830370802,-3.351413559156672,0.09135534180451986,0.06355730337070042,-3.3886012786024975,0.09354403977019422,-0.0206995003021143,-3.3661870230258986,0.0,0.0,0.0,0.08776660960620757,0.038325167285193855,-3.4054709620222345
65,0.029797927785957086,0.7893686993719561,-3.2901990700268144,0.020563437505627974,1.2644138113726877,-3.354069033100228,0.13242061945841532,0.7892170194561396,-3.3166526716955818,0.11188663694018197,0.45533205521621717,-3.357018699433251,0.09020818331388825,0.05636572042539785,-3.398971288828333,0.09795015640501248,-0.021898743947819696,-3.3263576927235183,0.0,0.0,0.0,0.08180064984965606,0.037977207277710076,-3.405249309096999
66,0.0,0.0,0.0,0.020949121670259842,1.264166711018217,-3.3509566354658875,0.1330658297673138,0.7850730612853849,-3.3098634926093013,0.0,0.0,0.0,0.08988120109031116,0.05691074666381496,-3.4019811812788627,0.09856080251810675,-0.02243006376644473,-3.324754681455449,0.0,0.0,0.0,0.07784092068993971,0.03766988160273678,-3.4059537075790614
67,0.03754026464333674,0.7779278386705878,-3.2787634369121696,0.02154591488754568,1.26360857508136,-3.3462510554648204,0.0,0.0,0.0,0.11245662743892564,0.45548717931242905,-3.352361457356442,0.08979941729678205,0.06348800669328114,-3.4028908834176863,0.09433454882197544,-0.022193025123093377,-3.3647585171678043,0.0,0.0,0.0,0.07854974423947715,0.037185096834261,-3.4103484771310932
68,0.04314446461461256,0.7756243681704797,-3.2885309001417635,0.021373736363157207,1.262945987722507,-3.3479945091724663,0.13286319635098504,0.7889572148220406,-3.3130148565557533,0.11211360294212318,0.4552544582669607,-3.3559812939783167,0.08978230359902574,0.0696576031770557,-3.403113346772391,0.08978868046461025,-0.018981160014512055,-3.3988352327961713,0.15917013952888204,0.001935630255481442,-3.4079154493388737,0.08257756896026495,0.03769719451218003,-3.408242394585892
69,0.0,0.0,0.0,0.020996138770935376,1.2624612115787117,-3.351278591719777,0.13415060733671788,0.7889885648766085,-3.300798140493588,0.0,0.0,0.0,0.09012522647054283,0.07024627378915368,-3.399708175181137,0.0878160667523154,-0.015324943659697056,-3.409204148674229,0.0,0.0,0.0,0.08354119613987404,0.038068891951683836,-3.405481967721903
70,0.0,0.0,0.0,0.021228942335364764,1.2637669056272807,-3.349277778397915,0.13342282525817672,0.785941313760302,-3.3081497390806156,0.0,0.0,0.0,0.09003948684705011,0.06473765600049342,-3.400227920373012,0.08923794691376366,-0.014482806198357878,-3.41075011601412,0.1600705141316404,0.007798194765969697,-3.4081225927572114,0.07844099176185841,0.0370006063326515,-3.4111526693170795
71,0.0,0.0,0.0,0.022053435759491948,1.2682199355389858,-3.3421371165067164,0.1331081169301555,0.7851540046674657,-3.311275107239425,0.11240558170491982,0.4555586363148109,-3.3518815615693796,0.09055356261428313,0.05924767415712563,-3.3952423964385137,0.09468219082101308,-0.01497424921154078,-3.409177066647031,0.0,0.0,0.0,0.07375130037610689,0.03802504164549868,-3.400804934609683
72,0.04655945916674852,0.7897689891222647,-3.2983051876061453,0.021407009118729548,1.275455674415901,-3.3468362822507243,0.13367156513904183,0.7893987787723581,-3.3059021579818824,0.11256087154693199,0.4557086146013123,-3.3504829919573105,0.0900998361752595,0.05554451219618051,-3.399438897915388,0.10128504379380444,-0.015634877824913643,-3.411583105500993,0.0,0.0,0.0,0.07047275255170762,0.03721738444731261,-3.4057471290684935
73,0.04595876816597763,0.7947651800637584,-3.303507146265165,0.021147326825222194,1.280625740342827,-3.347751842686328,0.1336417035812686,0.7952500645191786,-3.3066624135854,0.1121648849225474,0.45549839366141875,-3.354751969172174,0.08998829619158846,0.055565797922151716,-3.4003339219017135,0.10556486510402698,-0.015798103675400795,-3.415027956252037,0.15883829739681227,0.007901798117736234,-3.396836338749467,0.07142123998319101,0.0376851312066882,-3.402613448592557
74,0.0,0.0,0.0,0.021195049141839548,1.2820178943623188,-3.3467113849988057,0.1342654464364715,0.7981738704851428,-3.3009712941387606,0.11252374661819152,0.45571707825788293,-3.35164245633573,0.09018383374310082,0.058623552698563744,-3.3982578724287307,0.10677418006373278,-0.01512575033979789,-3.4132355324569357,0.0,0.0,0.0,0.07276248669201038,0.03777558573159865,-3.402530836749811
75,0.0,0.0,0.0,0.021642914966329443,1.2809968366956357,-3.3447340486951522,0.13414985507460836,0.7976142497160277,-3.302568644849266,0.0,0.0,0.0,0.09084880528837158,0.06464505338974004,-3.3919596987096123,0.10623389011519101,-0.014912941519292814,-3.4148091496659894,0.0,0.0,0.0,0.07304322269678533,0.037784458306648845,-3.402654384652015
76,0.0,0.0,0.0,0.022282808006194216,1.2799481503535695,-3.342783120777553,0.13403436224009266,0.7961839721426165,-3.3041444922440757,0.0,0.0,0.0,0.09040436114390252,0.07039183723208196,-3.3964679366057178,0.10687747695017748,-0.014423357145224372,-3.414254446871468,0.0,0.0,0.0,0.07239058954368983,0.037559799097135284,-3.4043295288479336
77,0.04696575394827278,0.7945981534938776,-3.299729024619851,0.021767662107092405,1.2803217161149505,-3.3469552468306314,0.13370465394540038,0.7957827227878169,-3.3079465474456446,0.1119087394651774,0.45536321781554184,-3.357840684383195,0.08991962258253193,0.07450833569669635,-3.401589030553126,0.10734289410798527,-0.014909157609308181,-3.4148154889160627,0.0,0.0,0.0,0.07212860029030531,0.037625550506227456,-3.4039240013847065
78,0.046112165819290056,0.7949268205928726,-3.3073693382690506,0.021386037439576625,1.2804077334459858,-3.3426548036184163,0.13357601462752422,0.7962134257923881,-3.3098575369762537,0.11165097617382748,0.45518139459449514,-3.3605914102548438,0.09078070408191787,0.07703353842919683,-3.3940211665484896,0.10498282533139541,-0.01630840404976851,-3.4131005219434534,0.0,0.0,0.0,0.07262294843190915,0.038089039890533284,-3.400612939349137
79,0.0,0.0,0.0,0.021160080570712694,1.2801854574966773,-3.3375384744663625,0.13413696751557763,0.7965490163463014,-3.304700287704748,0.11196684088601984,0.45535913585261195,-3.3576420170538075,0.09018916121549296,0.07562029298126402,-3.399776619161011,0.09959986809736342,-0.017080051695643646,-3.411228953755098,0.0,0.0,0.0,0.07234767391980933,0.03748357264298721,-3.4053259276546215
80,0.04780543006481059,0.794992886954799,-3.2931977356970563,0.022130111059627835,1.2804026665441062,-3.3416413123828526,0.13387680020427928,0.7964621351390218,-3.306809091280158,0.0,0.0,0.0,0.0898377357120516,0.07438765888335189,-3.4028393979092426,0.0958997187651354,-0.013811636230509577,-3.4069538250593348,0.15805807949635714,0.007023702228724744,-3.4053301248642986,0.07251605251647777,0.037676596721237215,-3.4041901881090286
81,0.0,0.0,0.0,0.02704461519341976,1.2802577069975718,-3.3424490292242037,0.13392642664415383,0.7962919444056804,-3.3045370672077543,0.11164604424161502,0.45528488995507216,-3.359833448411476,0.09034823494846313,0.07505716747489191,-3.397489625040881,0.0957620274525811,-0.00871902373462592,-3.4154439137519184,0.1574915948094548,0.0051371772360760135,-3.42018235777684,0.07169776992852683,0.03691322590895078,-3.4103784446655467
82,0.04697903563122463,0.7949352884742722,-3.2994137410587157,0.03403201107804887,1.2799391514257141,-3.34049382902634,0.1333404227468694,0.7962806439058929,-3.3086168873051665,0.0,0.0,0.0,0.09058484467191306,0.0758428717308023,-3.3946683237616124,0.09848535555766029,-0.004224851276027834,-3.418138916846085,0.0,0.0,0.0,0.07239505739582773,0.03800449665532773,-3.402664436135827
83,0.047849351268384,0.7950527301487127,-3.2919070269911064,0.03907540720123251,1.2798018994956937,-3.3399245278173204,0.13364984046238146,0.7964008025913004,-3.3066230703360247,0.0,0.0,0.0,0.09072070268163258,0.07627245517233598,-3.393088786861118,0.09845122607338869,-0.00548131477790588,-3.4188033704639387,0.0,0.0,0.0,0.07241419865814663,0.038112887219831235,-3.402033592836663
84,0.0,0.0,0.0,0.04024849671075174,1.2799931397917699,-3.3421343824922047,0.1338307977232318,0.7964725014477946,-3.309099896733997,0.11181610973464393,0.4554879878156441,-3.357854274832797,0.09038379025928277,0.075800396196561,-3.3962622327623855,0.09589560966894345,-0.009529316489408017,-3.414732928783978,0.0,0.0,0.0,0.0723058866396081,0.03795405057606672,-3.403140914406454
85,0.0,0.0,0.0,0.0401274288419612,1.279618033479409,-3.3359614211160182,0.13406834890042746,0.7964574559079248,-3.308446245150784,0.11327097149121687,0.4563456202908116,-3.344090136798572,0.09000715987954208,0.07520927287425679,-3.399983051308037,0.09536913845446571,-0.009726012618458697,-3.4117536968762523,0.0,0.0,0.0,0.07234901852360952,0.0379748977387539,-3.402937769596413
86,0.04685061344471598,0.7950563294086997,-3.30146423572144,0.03898491603856081,1.2799320993918755,-3.338342314226515,0.13316023635000623,0.7964028888868263,-3.3100804733783744,0.0,0.0,0.0,0.09043573432877594,0.07566733426920848,-3.3962194287677003,0.09851102699498757,-0.004795844995340417,-3.4203175342329684,0.0,0.0,0.0,0.07215733503530884,0.03771164819687561,-3.4050892744228225
87,0.04729959475215634,0.795076919306502,-3.2972808135099054,0.039363846990239724,1.2795085157409722,-3.335314612708241,0.13241340350344932,0.7963860940285592,-3.3071935428015404,0.1119568867274151,0.4556415461251087,-3.3560905994634394,0.0906364812502722,0.07590950049965949,-3.3946735542413466,0.10368639335755557,0.0014887242509343537,-3.4250504347970256,0.0,0.0,0.0,0.07242475869308765,0.037981011704106664,-3.4034125747231796
88,0.047391680847679425,0.7950368851935196,-3.296095016419518,0.039211173841569406,1.2795175271325225,-3.3403547772828706,0.1334846949376548,0.7964144009221861,-3.3062588259185377,0.11192074208890494,0.45564551927682023,-3.356170625515089,0.09019485470345717,0.07542170324963701,-3.3991657583468053,0.10713622489574692,0.0025034564101092086,-3.4193380239752873,0.0,0.0,0.0,0.07198679921257889,0.037427678435391326,-3.4077662778181494
89,0.0,0.0,0.0,0.039707659046745336,1.279315435398661,-3.337963128365508,0.13759254426831888,0.7964605027276666,-3.3144227599954923,0.11238064369424848,0.4558615432281873,-3.352249855360072,0.09017917759930538,0.0755101609032813,-3.3994646902966594,0.10652904214572072,-0.004220042592331652,-3.4207935913431355,0.0,0.0,0.0,0.07133419093106329,0.03675257376749136,-3.412765679864507
90,0.0,0.0,0.0,0.039355506400558286,1.2804129248061227,-3.3403356810637117,0.1462927418510905,0.7965446528667585,-3.3033143664942033,0.1122356996105425,0.45565766830828835,-3.354718468883095,0.09018787701514566,0.07558792057468879,-3.399238869051543,0.10584266111597133,-0.009267974715762704,-3.4144624697391848,0.0,0.0,0.0,0.07186043240880656,0.03753709088232517,-3.406701383499917
91,0.0,0.0,0.0,0.03923375519395159,1.2812830231642238,-3.3403263569774717,0.1506460446705798,0.7965399840164311,-3.3184159345343676,0.0,0.0,0.0,0.0898417441934173,0.07497034655889218,-3.4022585762028292,0.10519611353835745,-0.009109596060467197,-3.4154622824494454,0.0,0.0,0.0,0.071961917880847,0.03751941832583316,-3.4067413934186406
92,0.0,0.0,0.0,0.03950799818753353,1.2796205145964423,-3.3378409054967477,0.1510230581341637,0.7965448209467737,-3.3147608793571957,0.11254944108556322,0.45568240478018474,-3.352882338490866,0.09004749413330507,0.07482476018972108,-3.4002767825088456,0.10532617894696988,-0.005074220773482466,-3.4158033852193763,0.0,0.0,0.0,0.07251450350133137,0.03779763385275112,-3.4047080689609706
93,0.04700224828896154,0.7948898126348494,-3.300684728627758,0.03990848500423931,1.2743049439854266,-3.3349826551439707,0.1452010440912167,0.7965242351309656,-3.314869377085204,0.0,0.0,0.0,0.08997226859722042,0.07477783586143028,-3.401168525087114,0.1057376166174206,-0.0038918815147223995,-3.416906507763102,0.0,0.0,0.0,0.07233769138987294,0.037622995859556,-3.4059346417726535
94,0.04795792688194041,0.7943884486928499,-3.291616357433848,0.04004610568189071,1.2673770544717622,-3.3344731587351366,0.1383271117564157,0.7964225733243391,-3.3073838693920563,0.0,0.0,0.0,0.08982856868884727,0.07548668205641752,-3.402777633719626,0.10632465479493351,-0.008002087716488972,-3.4202470861195784,0.0,0.0,0.0,0.07105686366711188,0.037087699633718274,-3.409495140363438
95,0.04723635599495634,0.7943044435178641,-3.2973009602295336,0.0400264460960708,1.2623394671107948,-3.3351738076899355,0.13271335284822322,0.7960647992390498,-3.3137418226450888,0.11194389989888959,0.45522319111391457,-3.3592190352177513,0.09110420291925458,0.07770782494281786,-3.390942666379366,0.1071695931290796,-0.013149841243605806,-3.418027022407438,0.0,0.0,0.0,0.07086411232427423,0.03779057866439814,-3.4037779694987935
96,0.04692920115797585,0.7952262530612139,-3.299968500460942,0.040169073349965174,1.260808578018557,-3.3343891542066864,0.13218656576621357,0.7956525911854624,-3.3088995837376274,0.11246050016392149,0.4555725018827578,-3.354540645825409,0.0893747229133112,0.07397720189193842,-3.4072393904951324,0.10621290190256173,-0.0168600338819723,-3.4112514972294803,0.0,0.0,0.0,0.07151626454825595,0.03682031304038389,-3.4114328491691075
97,0.0,0.0,0.0,0.04094782307307452,1.2611798969187988,-3.328087475233551,0.1335317009562794,0.7957556234986165,-3.306058280511965,0.0,0.0,0.0,0.0906624507310562,0.0704997695966315,-3.39526883588296,0.10200815944722604,-0.020243690026863305,-3.40249990959836,0.0,0.0,0.0,0.07735402303311287,0.03801031640082357,-3.404264254934705
98,0.04689308740768433,0.7947968770371233,-3.3012034834442225,0.041078387860066186,1.2620260261811853,-3.3272200010467956,0.13407848341908,0.7967402711966562,-3.308623572255834,0.0,0.0,0.0,0.09009664326886263,0.06332740464523647,-3.4007832571331735,0.09711320027781051,-0.023020899816850373,-3.3838802978973046,0.15916345487684827,0.008790623424859348,-3.3932064744690194,0.08337609483259228,0.03734009962157558,-3.4116344901876885
99,0.046472326970467805,0.7896984451973549,-3.305020070420081,0.04060142962041198,1.262367439143251,-3.3314313084546834,0.13430780998928787,0.7975939517509781,-3.3050622609166798,0.0,0.0,0.0,0.09041943057264706,0.058755468034937565,-3.3978984070286016,0.09659939126396347,-0.021724872951810595,-3.340611267688186,0.0,0.0,0.0,0.08884713877122556,0.03808104735133804,-3.4076207893699824
100,0.0,0.0,0.0,0.04040078716743403,1.2620946383408278,-3.3332203019549356,0.1335074015354682,0.7960194573915408,-3.3086939009490637,0.0,0.0,0.0,0.0897152140190974,0.055543898099764816,-3.404498022763877,0.09564024638882847,-0.023889536830695363,-3.335030459435257,0.15930565287169066,-0.006238820511217,-3.4108345415230983,0.08961005089554806,0.03721519802497778,-3.4141105023158986
101,0.04722790299934514,0.7775979660048509,-3.298115578705545,0.040460956538514725,1.2618785171451934,-3.3328187575739254,0.1335194317197923,0.7908665963509443,-3.3072194161073085,0.0,0.0,0.0,0.09012449306428738,0.05566269576802694,-3.4006149642701224,0.09776557774325352,-0.022734013925318892,-3.322856004110367,0.0,0.0,0.0,0.08911610393328806,0.03759036165989346,-3.4104871068311904
102,0.04696930001774729,0.7760793474859702,-3.3002980018493338,0.04078490030117126,1.2617869153166803,-3.330172355410488,0.13454632806888833,0.7840718211730183,-3.298639311494504,0.1123624338835657,0.455213653272367,-3.355069768634611,0.09039871392941189,0.05780309358067558,-3.3983788707275275,0.09726638057703883,-0.02278819587877365,-3.337267464322906,0.0,0.0,0.0,0.08787353396196142,0.03714322576868676,-3.4135071653751954
103,0.0,0.0,0.0,0.04064926323297584,1.2620357740338168,-3.3314592666040683,0.13300105866423473,0.7790171860039756,-3.31586534037873,0.0,0.0,0.0,0.0900703683385447,0.06263469378490566,-3.4024439660805674,0.09323643546770587,-0.023230736718359877,-3.377279246871011,0.0,0.0,0.0,0.0878295792368445,0.037156330286392404,-3.41424750225212
104,0.0485917952935161,0.7779468869752133,-3.2872159645979084,0.04078401845120919,1.2619574881592235,-3.3304578232072872,0.1336751353911842,0.7775740549668758,-3.3097875812041653,0.11233928575319833,0.4552029492881615,-3.3576461911362827,0.0910036839467515,0.07147747421132704,-3.3950973117584553,0.0904622148994328,-0.0190513722491894,-3.400228310456149,0.0,0.0,0.0,0.08856215611779658,0.03760660689911754,-3.4123915521136663
105,0.04778144530011338,0.7778929504679738,-3.2947204086087964,0.04030234486187896,1.2622135943348325,-3.33486020579759,0.1338851689886136,0.7782468041400764,-3.3073112875859696,0.0,0.0,0.0,0.09101471085128963,0.07715286404131802,-3.3961620959624828,0.08929007504632983,-0.01453650516986022,-3.4079174567067367,0.0,0.0,0.0,0.08867190625232933,0.03748225322560728,-3.414453401018095
106,0.0477566098508251,0.7774252563847943,-3.295077779853067,0.041279699061644234,1.2614928461760624,-3.326814417723745,0.13349320585296165,0.7789839624527153,-3.310424370008163,0.11187481959025859,0.45499987116280216,-3.3619272971999306,0.0,0.0,0.0,0.08903692479239328,-0.014840280902788492,-3.409928056263872,0.0,0.0,0.0,0.08848668358089236,0.037335049669172976,-3.4155773238072342
107,0.047860617130508216,0.7771948104183869,-3.2938912977665944,0.0408022711375047,1.2618271030041301,-3.331203679599251,0.13336378514952973,0.7792525623856437,-3.3110137571953753,0.11232160492430933,0.4551780549209526,-3.3567016311560396,0.09003141422897755,0.0685939412744608,-3.404784465279214,0.09047914555257973,-0.018978120175496712,-3.400150436611822,0.0,0.0,0.0,0.08860924516701704,0.037676536381516426,-3.412157082917418
108,0.0,0.0,0.0,0.040312444145604164,1.2621963635299616,-3.3355899669313978,0.1340513241076069,0.7793958900669934,-3.3041480289090717,0.11213485717587116,0.4550128677233239,-3.3579355849883252,0.09059221207932029,0.06313264706862065,-3.3981834435308005,0.09385374663101845,-0.022374962705928966,-3.373309823146049,0.0,0.0,0.0,0.08854555688067592,0.03767495358070562,-3.4113775332992593
109,0.0,0.0,0.0,0.04052562271175685,1.262072661343342,-3.333885726608094,0.13419968200491025,0.7790800762204141,-3.3034894205086465,0.1119937950120359,0.4550403680347812,-3.3594967778874376,0.0905859422762274,0.0629905637703543,-3.3973002248064716,0.09769336980382963,-0.022149289604735486,-3.33515203450629,0.0,0.0,0.0,0.08845269189352212,0.037489959571781466,-3.412785979712212
110,0.04782410918427195,0.7775304266475282,-3.2942300163277913,0.04049208989053932,1.2620903789772155,-3.3342422657966746,0.0,0.0,0.0,0.11295619162907622,0.45578532694091617,-3.351049531111008,0.0903782620333808,0.0682003203472558,-3.3991737335393606,0.09746389975579683,-0.02310189763643933,-3.3249521114294693,0.0,0.0,0.0,0.08869310085340805,0.037717589647800136,-3.4117618611717093
111,0.04692251883407579,0.7774593514801245,-3.3024084721338105,0.040376047230135444,1.262142499218075,-3.3352238791219295,0.13313642185798527,0.777169048040201,-3.3142072275020222,0.0,0.0,0.0,0.09129770145376528,0.0754378867227075,-3.3911332078784096,0.09653171022610536,-0.023033132652387506,-3.325623397345923,0.0,0.0,0.0,0.08889392238027244,0.03817101312011107,-3.408921031914383
112,0.0,0.0,0.0,0.04083453759964311,1.261794142070044,-3.3312224104658674,0.13314741113325346,0.7795401879663035,-3.312833846934995,0.11215564629723161,0.45475216887480757,-3.359921211263899,0.08969768661182684,0.07663544631447712,-3.4068123581354954,0.09660761435697214,-0.022772569395643528,-3.346669630818007,0.0,0.0,0.0,0.087987564383375,0.03754511414003662,-3.41358597977575
113,0.0,0.0,0.0,0.04091202469584289,1.2617156260903102,-3.33053790415041,0.0,0.0,0.0,0.0,0.0,0.0,0.0910273158474419,0.07802909880536806,-3.3945134510740145,0.09739486905929169,-0.023558886334585905,-3.3947655043135825,0.0,0.0,0.0,0.08767060791809081,0.03731799476494422,-3.4150134767499987
114,0.04688406107793395,0.7774956618773656,-3.3019785614981414,0.0409575072660694,1.2616761712279463,-3.3302120941086555,0.13349634462162094,0.7907925657359697,-3.3136887672756,0.11288378002947963,0.4558852714886723,-3.3512307733819493,0.09027332926550798,0.07434721960737425,-3.401174392207445,0.1017087481906151,-0.01970204126456622,-3.405155812655739,0.0,0.0,0.0,0.0888590645081282,0.03784422009966909,-3.4110632046507545
115,0.04791297402472054,0.7775565929133301,-3.2929465037475434,0.040931931491421436,1.2617017874492067,-3.330546363199827,0.13378412287478023,0.7908259507438953,-3.3116989510064965,0.11212952846852585,0.4566940193026786,-3.3575682464985412,0.09031201966258738,0.06924479986568303,-3.4001046697920394,0.10189767402447467,-0.019638250575232063,-3.4037572782324768,0.0,0.0,0.0,0.09017137852541429,0.03809312445067883,-3.4091864323354524
116,0.04818723233030699,0.77755537231728,-3.2906578712178045,0.0412655838429211,1.2614946618663831,-3.3278826230920635,0.13322875795333544,0.7854397586310149,-3.3093232998194515,0.11174393262880494,0.4555581101496922,-3.3609337617771287,0.0900650409037076,0.06266504822891614,-3.401813736859886,0.09739442109303206,-0.024144965354190903,-3.3956103250393777,0.0,0.0,0.0,0.08863715478788725,0.03720947499177737,-3.4147018346232896
117,0.0,0.0,0.0,0.04051770696049556,1.2620324569359473,-3.334614980242099,0.13230038794986404,0.7794765713548464,-3.3084852113301015,0.11118657125527528,0.4499310228508441,-3.3666445274119514,0.09056768163038612,0.058520986947926304,-3.396607819163382,0.09736729823747084,-0.022357320981143004,-3.3401295265809634,0.0,0.0,0.0,0.08454490918157831,0.03814400134215577,-3.404765641035095
118,0.0,0.0,0.0,0.04129742320004397,1.2615152914322991,-3.3282524947563807,0.1326571617825773,0.7770529739696531,-3.3155543710384467,0.0,0.0,0.0,0.09032470938437291,0.05671246853566481,-3.3981284758247137,0.09715100510739251,-0.02198030774898359,-3.3199103091508073,0.0,0.0,0.0,0.07660508220532819,0.037762177361911085,-3.403725247173484
119,0.04755693386637409,0.7774155061256818,-3.2968758721629525,0.04087845349482245,1.2618024003062907,-3.331992126671041,0.13817524374143397,0.7779909330785096,-3.3106779423602317,0.11223878685334904,0.43631086000200775,-3.3580747466176857,0.08934266988936798,0.05635020850991742,-3.406268213791237,0.0963065844883294,-0.02341737214675294,-3.3355799291446457,0.0,0.0,0.0,0.06995582776499328,0.0365268083912041,-3.410366418444533
120,0.04669023841580116,0.7773387686869553,-3.3049663156381244,0.04110053505204968,1.2616425595093643,-3.329976201136612,0.14510601340293788,0.7793804333758522,-3.317996110508796,0.11129531937777211,0.4366062823243169,-3.3677558566199215,0.08850867428211211,0.05639118102496752,-3.4132830349551306,0.09750188577343426,-0.022129335347342474,-3.336644556032077,0.0,0.0,0.0,0.07108419109684178,0.036991096181452916,-3.407350315569202
121,0.0,0.0,0.0,0.04072895148327274,1.2618974781395293,-3.3329724300019645,0.15131293013171354,0.7796898156041868,-3.313973433501596,0.1115101624452613,0.4435875749617428,-3.3658031360856757,0.08999160227358066,0.058335536084253986,-3.399575732322255,0.09670370367235438,-0.023201920599334697,-3.346098055814189,0.0,0.0,0.0,0.07749388812958653,0.03704947614712194,-3.40998637468084
122,0.047886445478087236,0.7774028580717388,-3.2948237734093175,0.041503598547319144,1.2613744993800997,-3.3262267460772934,0.15023009183549912,0.7791188117932452,-3.3245226702436983,0.0,0.0,0.0,0.09064011344207643,0.058656630916006806,-3.3945708751183994,0.09641962714204101,-0.023370696467254447,-3.3439428793403105,0.0,0.0,0.0,0.08394113255700836,0.0376424807907764,-3.408804801927321
123,0.047829374975597486,0.7773781285580429,-3.294595632095138,0.04099920539108359,1.2617174411501317,-3.3305815252585034,0.145463463949566,0.7787205145441467,-3.3130004464000926,0.0,0.0,0.0,0.08971222714414227,0.05716636083797021,-3.404297351079075,0.09654639340290674,-0.023044849963602985,-3.339364133510566,0.0,0.0,0.0,0.08378952933582895,0.03742124403649359,-3.4114631746422055
124,0.04712813580149765,0.7772604529230569,-3.299939952631918,0.041631269211678784,1.2612619373782645,-3.325194156966324,0.13763358179262952,0.7785888932830884,-3.314710166728052,0.11161163977217972,0.444164585029152,-3.364503578851862,0.09075890221022985,0.05844941204437214,-3.394656464410782,0.09713035783206816,-0.022217419505494208,-3.3341357769875635,0.0,0.0,0.0,0.07909735663830299,0.03833751167131669,-3.402423078198498
125,0.047391712369974644,0.7771551756525904,-3.297393239434348,0.04166506343977511,1.2612112724877664,-3.3248948629271866,0.13379644041324684,0.7786498685410032,-3.3034966913285833,0.11203769664574435,0.4381822556628739,-3.3606239072147632,0.09028849597010889,0.05801296767593419,-3.398596633195525,0.0965276334323703,-0.023084271521081064,-3.341269960656223,0.0,0.0,0.0,0.07253792898076006,0.037111250403904304,-3.407020144916262
126,0.0,0.0,0.0,0.04142929072694181,1.2613663111148452,-3.3269180512137564,0.13285783865220174,0.7786081956947705,-3.3031204680319415,0.0,0.0,0.0,0.09044717567035826,0.058260064844685704,-3.396516049190122,0.09704668037458851,-0.022477628933744994,-3.337277930879612,0.0,0.0,0.0,0.07068387711720135,0.037065903222201144,-3.40312078873672
127,0.047828041490937494,0.7770686794359858,-3.2940488286000806,0.041286245291575256,1.2614898596937931,-3.3282538304945946,0.13435425430794276,0.7785750875378646,-3.2989383381539983,0.1130050563518426,0.4373623867661847,-3.351395776035444,0.0891716964644296,0.05665270205890249,-3.4081513817124165,0.09671859613460304,-0.023076131632566443,-3.3406461314051,0.0,0.0,0.0,0.07128197578895691,0.03671645788874395,-3.406286374773807
128,0.0,0.0,0.0,0.04241705954425845,1.2607597225855065,-3.3187878828382567,0.13399151624772127,0.7785039009840717,-3.3104632087864685,0.11133577394278955,0.43761986077055043,-3.3679734215851873,0.08995946541404465,0.05757418474071005,-3.40065102726004,0.09812101483410231,-0.0212261764509322,-3.327209658484499,0.0,0.0,0.0,0.07346745399666053,0.038762106640976866,-3.398097523661551
129,0.048178224876197245,0.7771327101587535,-3.2910064008380826,0.0419356464627283,1.261133657068594,-3.3232372631020515,0.13409068266134477,0.778541555372587,-3.3081418401718707,0.0,0.0,0.0,0.09008860264485805,0.05775122853151731,-3.3994034083681854,0.09690851304785963,-0.02277245263178196,-3.3375368795435536,0.0,0.0,0.0,0.07302903901188285,0.038859312051693566,-3.402988934329749
130,0.04729046644834585,0.7770918278924848,-3.2986727483516662,0.04236296118646828,1.2608750073342267,-3.3198214854779926,0.13410966125117021,0.7785743921949586,-3.303781647846483,0.112022933036658,0.43757997639075524,-3.3617886247784923,0.09045237284891113,0.058240558224377306,-3.3958921273555163,0.09712476358777207,-0.022341642922411212,-3.334729620080493,0.0,0.0,0.0,0.07282883757734306,0.03777270392589128,-3.3994005456787746
131,0.04954847910840215,0.7771941416206519,-3.2794258005800514,0.04253066167914579,1.260788075861969,-3.3185080954364894,0.13406698011839724,0.7785699865453266,-3.3030131336877573,0.11226137664508297,0.43748239606767375,-3.35750332254477,0.08882742858932545,0.05627031009783832,-3.410863719949708,0.09725851706461987,-0.022387489532660537,-3.3352683555398457,0.0,0.0,0.0,0.07090952036130273,0.030995416298904503,-3.413599419992494
132,0.04715068139025698,0.7771066129193769,-3.3002640429799195,0.04308708961670976,1.2604292198217655,-3.3137305177369005,0.13425253713695845,0.7785751085494554,-3.3024939233680257,0.11152177385526181,0.4371789316590431,-3.363107101140087,0.08969947456465559,0.057330095394338226,-3.402194886759506,0.09774662249941912,-0.022310042793465015,-3.3344932013951443,0.0,0.0,0.0,0.07152532841032622,0.025248804572179324,-3.408537335882559
133,0.04959741686033743,0.7772769806130507,-3.279055801594634,0.042962296424615375,1.2605280448730651,-3.3147587798506293,0.1345427372393454,0.7786258486036401,-3.3005425260282824,0.11210336565980071,0.437599912599575,-3.3597787556716168,0.08970878016204142,0.057367440694194895,-3.401540195177942,0.09705866876629494,-0.023388627458912424,-3.3408703723392796,0.0,0.0,0.0,0.0710199391201868,0.0193546578849311,-3.4147387421196815
134,0.047438864622523114,0.7772529202461231,-3.297233214771371,0.04304694551130325,1.260473527846982,-3.314019188332983,0.1344657546837459,0.7786983712272065,-3.3006944621228107,0.11231816661499039,0.43755582860892717,-3.3623328063382374,0.0898439958947065,0.0576250761226579,-3.3998573860939842,0.09705626311939705,-0.0222662921898949,-3.3322706368559203,0.0,0.0,0.0,0.0714480293481605,0.01744049958431225,-3.41160384856018
135,0.048749342937952404,0.7773860548966127,-3.2854269897310866,0.043671630033374126,1.2600461026614385,-3.3087003148824112,0.13442222599185363,0.7787831699161785,-3.2999573561853865,0.11236683235171598,0.43771273207496847,-3.3601783443019038,0.08990419673981023,0.05777553891227092,-3.399398554073021,0.09586475412996566,-0.022507461187248282,-3.3350603068394458,0.0,0.0,0.0,0.07148804387041884,0.01746306765432939,-3.4115576993906913
136,0.0,0.0,0.0,0.043922473326995774,1.2598731881099738,-3.3065777676926342,0.0,0.0,0.0,0.11121162660635832,0.43778165931456475,-3.3585481064388727,0.08932975757811033,0.05698864481842145,-3.4055895500378424,0.09722398185982138,-0.022076839537930597,-3.3355680590923384,0.0,0.0,0.0,0.07155200636154763,0.019878898054598495,-3.4111999772539723
137,0.05159015368919898,0.777538634987224,-3.2606670159697937,0.04462534095005395,1.2593828400757707,-3.3004888020750767,0.13477473930628628,0.778848579454465,-3.2959316571435275,0.1099525758924458,0.4375597090194916,-3.3615504534495417,0.09058213146914353,0.05825500900142146,-3.394994900931281,0.0999770607969515,-0.024899733588493463,-3.3569667529969798,0.0,0.0,0.0,0.07133324573843186,0.024709961720394573,-3.412870834207507
138,0.047962726279311085,0.7773168234713971,-3.2921661592240645,0.04441226343369362,1.2595166919765517,-3.302216425344152,0.13560120905968479,0.7788411886188605,-3.2883852574523074,0.11282891142488222,0.43798777439712294,-3.3561154187084536,0.08989935982847226,0.05723540714687499,-3.402167816603633,0.10553817444720057,-0.027156741318215723,-3.369169887465955,0.0,0.0,0.0,0.07158057088137128,0.03152414638001437,-3.410101614733533
139,0.0,0.0,0.0,0.04429996074805672,1.259611905756402,-3.3032481330842103,0.13565166345804447,0.7787862044888473,-3.2887020104326994,0.11869021371257565,0.43802746712855434,-3.358615747962396,0.08998663586409378,0.057591474815936634,-3.401142861560378,0.11038408986682975,-0.027994611953232267,-3.3714480792929673,0.0,0.0,0.0,0.0718721476517091,0.0366400673048787,-3.4085199766888774
140,0.04956807602963869,0.7773091923695277,-3.2790008814183835,0.04532645349759014,1.258987737712136,-3.294858728719618,0.13545439118520305,0.7787498159870664,-3.291271423626412,0.12420576466610914,0.4380286038858588,-3.360850621423728,0.09044402428456977,0.05873904719443635,-3.395873842806368,0.11098090818354,-0.027668250421813697,-3.3802641570474896,0.0,0.0,0.0,0.07279384336572843,0.039054012373867866,-3.4025978035312976
141,0.05027439864328949,0.7773408804817107,-3.273073646038162,0.045116244315656334,1.2592162469723487,-3.297148032051065,0.13591809924408738,0.7787734957126475,-3.28658079568467,0.0,0.0,0.0,0.08899899289288778,0.05713395300306195,-3.4084622505433684,0.10810709434604854,-0.025459780435324774,-3.4000546626460206,0.0,0.0,0.0,0.07225830151994847,0.037838873189723586,-3.406507011206849
142,0.0,0.0,0.0,0.04579207884037436,1.2586930370374914,-3.291091752775966,0.0,0.0,0.0,0.11858864848713313,0.43809440673736083,-3.3539396772324492,0.08944210189791602,0.05681932081930296,-3.403895661864489,0.10601011483343654,-0.020187935417509493,-3.411226029502055,0.0,0.0,0.0,0.07146557714476574,0.03707477269325023,-3.405235103345009
143,0.049301373848143384,0.7773436294012843,-3.2809415804159245,0.045519577410754894,1.2586222348963019,-3.2921309378417867,0.13647662646685724,0.7788195886716482,-3.2795415630851843,0.11214559032219654,0.4382636677876588,-3.3519579103807633,0.08928047142025657,0.05568989099445997,-3.4056529345000315,0.10524025153178934,-0.015971970123981463,-3.4176961217390502,0.0,0.0,0.0,0.07043345977532255,0.03670876702786552,-3.4069703138361516
144,0.0,0.0,0.0,0.04615165606844056,1.2580134009586132,-3.28573920589768,0.1370561151620522,0.7788521496332206,-3.2734450672469477,0.11155259902373547,0.4388875933637115,-3.349541641194546,0.09027042061187189,0.058236416577241414,-3.3972385508219287,0.10592956864897382,-0.013980944404995626,-3.414560538844492,0.0,0.0,0.0,0.0728443805541458,0.03827009016517616,-3.3986533209079077
145,0.0,0.0,0.0,0.04562805381234756,1.258711463073807,-3.291798358005583,0.13583281818958687,0.7787892713419807,-3.2858773770036067,0.11733730481533877,0.43922937639096227,-3.348294677005588,0.09073116997636169,0.06369966876517265,-3.39449464517759,0.10602179099894306,-0.015045376113651457,-3.4164090062370676,0.0,0.0,0.0,0.07734212049085125,0.03804539863207066,-3.404384277085326
146,0.05063510539458718,0.7774310402930811,-3.269447005358465,0.04673929809434719,1.2586671668083254,-3.28570053682375,0.13682410444174478,0.7788369550958917,-3.276504574222392,0.12471990933597556,0.4384327892268631,-3.351232729151238,0.09130564695681027,0.07102789461288682,-3.39121251241369,0.1063046953383851,-0.015526841408641075,-3.4137684529907815,0.0,0.0,0.0,0.0840551123830922,0.03819105358086643,-3.406467320374466
147,0.0,0.0,0.0,0.04740310368246918,1.2582295504813006,-3.2799495412088056,0.13656412069881868,0.7788252257933989,-3.2793222158459963,0.1303911497360421,0.43801926305005473,-3.3467064787815684,0.0912834023943929,0.07581849861539484,-3.3934269487332567,0.10582600932809579,-0.01577015102271349,-3.4156837738893415,0.0,0.0,0.0,0.08892621226961347,0.03811540406488695,-3.4090121528506128
148,0.0,0.0,0.0,0.046911974252763285,1.2570832195626123,-3.2766298955402924,0.13779254234959318,0.7789171369487156,-3.2670043359972483,0.1323263278696121,0.43953109070513696,-3.3456158876030546,0.09133971332682188,0.07720350269554979,-3.39404830228619,0.10530909035359122,-0.015526338173961221,-3.416937442152432,0.0,0.0,0.0,0.09042630565209361,0.03821408561294021,-3.408908089248888
149,0.0,0.0,0.0,0.046772904357955725,1.2557528348711358,-3.2706410770541647,0.1366389769444695,0.7789067766424277,-3.2782391697707545,0.0,0.0,0.0,0.09187520565284751,0.07705128768490022,-3.389035355419807,0.106210546131461,-0.014210032587393527,-3.40894548366023,0.0,0.0,0.0,0.09062029330369495,0.03952816943193329,-3.3986963479955956
150,0.0,0.0,0.0,0.04920179308379494,1.2564658260262453,-3.261796710853041,0.13738297762264198,0.7789769987264032,-3.270606951950534,0.13110270545253128,0.4520868393535941,-3.3320833873841678,0.09120235712630148,0.07550504316403589,-3.3946048699203866,0.10657503624411259,-0.01509855824767203,-3.41435315771376,0.0,0.0,0.0,0.08894719413399957,0.03855922689266549,-3.405448371718133
151,0.0,0.0,0.0,0.05392313932069641,1.2614960434185436,-3.2629536573944575,0.13809687874612406,0.7789876968586483,-3.2633581365747637,0.12641127838913632,0.45714253542174094,-3.331239019124438,0.0,0.0,0.0,0.10705174783152763,-0.015709012595224975,-3.4176684767356784,0.0,0.0,0.0,0.08925591673434485,0.03898417229956493,-3.4022495588811608
152,0.05490357562511787,0.7776659170053992,-3.2325528643173476,0.06096879603128406,1.2678355765454934,-3.258814009009308,0.13903984068679479,0.7789857600917032,-3.253899109232892,0.0,0.0,0.0,0.09035010335522105,0.0745263015167452,-3.4013199970063295,0.105709806008552,-0.015503945195751385,-3.415984008412533,0.0,0.0,0.0,0.08916392550950974,0.03839681200334843,-3.4069828641222233
153,0.0,0.0,0.0,0.06678559490218544,1.272047888530858,-3.2502774890076966,0.1379338531844013,0.7789106316163064,-3.265055996072984,0.0,0.0,0.0,0.09195296961578998,0.07662580292930528,-3.3863495938064188,0.10077346460991277,-0.015390728137123574,-3.4147484244963255,0.0,0.0,0.0,0.08942669946838777,0.038491199051927424,-3.406420996558702
154,0.0,0.0,0.0,0.06860232545332644,1.2731318073765385,-3.2464718785871356,0.13799418084216006,0.7789657955065143,-3.264823543343733,0.11573994112062416,0.4570728315835429,-3.3130293923079583,0.09176169902584877,0.07708647877507531,-3.3886361380186045,0.09464066226256358,-0.014834889506831928,-3.408596135617399,0.0,0.0,0.0,0.08939627134771348,0.0385106700687765,-3.4060458050149474
155,0.0,0.0,0.0,0.06914970104739393,1.2712540744125185,-3.23416645927893,0.1407799703805402,0.77920367139673,-3.2375107345389167,0.11623668825275808,0.4568317097437303,-3.3154797790186334,0.09138480721707623,0.07726073748255567,-3.392716413812118,0.08971154939941789,-0.015414230931692146,-3.4078997417304104,0.0,0.0,0.0,0.08961094514899304,0.038821089655112356,-3.403337335082396
156,0.0,0.0,0.0,0.06884719319536459,1.2699381064409474,-3.229010500700707,0.1402853805902818,0.7792604947400577,-3.2426021997253347,0.11815557230235987,0.4587123693436573,-3.305327090955045,0.09220478866585569,0.07678579041057094,-3.3850707914287086,0.08861603931208327,-0.01545380754253381,-3.403477090300525,0.0,0.0,0.0,0.08990024031022056,0.03909310083490095,-3.400992733444691
157,0.0,0.0,0.0,0.06986982881547914,1.2691759363275963,-3.219912374247247,0.0,0.0,0.0,0.11842639737108636,0.46011620275603604,-3.3025736476235905,0.0922001283865597,0.07192494761339709,-3.3843446577400673,0.08938033392381897,-0.015041529238480393,-3.40179642108651,0.0,0.0,0.0,0.08989129814881903,0.03899269476615513,-3.4014979314210896
158,0.0,0.0,0.0,0.07148853622712341,1.2686927882821937,-3.209274961109653,0.14203682292303466,0.7793517503406387,-3.2249834208445303,0.11819056011821608,0.4590849743291226,-3.300464797341306,0.092045804013247,0.0650578426431539,-3.384521660812609,0.08976443234931185,-0.01425117606449237,-3.4054868314102054,0.15967989287657514,0.006626850802265608,-3.407760381376651,0.08979946882035762,0.03891311193331222,-3.4018371856282847
159,0.0,0.0,0.0,0.07381385223648107,1.2673423615004409,-3.19067154307255,0.14292395230651703,0.7793415609439103,-3.2159429656608,0.11953971963074866,0.45485650196514416,-3.2854186403094263,0.09151639971814353,0.05932387511862669,-3.388530256742917,0.08984444704155288,-0.013803723319115136,-3.4083301883161408,0.0,0.0,0.0,0.08966629542927143,0.038872816846928115,-3.401913234905522
160,0.0,0.0,0.0,0.07501513903847859,1.2663409775319139,-3.179546125301265,0.1450503361764533,0.7793839996149374,-3.1947144416628737,0.11884403013295497,0.4466571958970026,-3.293565389259808,0.09141794705131963,0.057640699761658254,-3.389440722100658,0.09045958275518148,-0.015615848097771619,-3.4043811034537983,0.0,0.0,0.0,0.08952557744235969,0.038796278249122226,-3.4023379645306884
161,0.06345798091750363,0.7780683137347384,-3.1595101793100855,0.07737444722557421,1.2644306300164598,-3.1578945467441564,0.14746873739379227,0.7794386733881552,-3.1707463613375912,0.12133914116960813,0.44231260978214476,-3.271352851667892,0.09109928402081414,0.05822347694482926,-3.393180120090182,0.09107734087210526,-0.02028243406135107,-3.395267089180007,0.0,0.0,0.0,0.08937453741599802,0.038595282905426985,-3.4037203384107793
162,0.0,0.0,0.0,0.07895291348225295,1.2632387531938825,-3.143995682726558,0.0,0.0,0.0,0.12093958175836018,0.4421062015180843,-3.2754342711303157,0.09152607744957993,0.059954414113457685,-3.389857033124684,0.09257722061006518,-0.02203242854378135,-3.369446591646691,0.0,0.0,0.0,0.08862318330086492,0.03751327487356633,-3.4116746849109063
163,0.0,0.0,0.0,0.0811685237914902,1.2616648479242136,-3.124960338340038,0.1521275475160661,0.7796654753389928,-3.124363943525243,0.12189442960962128,0.4486106514170026,-3.265010024128621,0.0917391163329184,0.060149675072183925,-3.3878402813964312,0.09384905160740692,-0.019342570440511735,-3.350582550985737,0.1590394915905247,0.008021463156470872,-3.3964347262119903,0.0896795368281841,0.038628506059971354,-3.4031441540229563
164,0.07015330566993891,0.7784561116051804,-3.101803407381473,0.08344385310850987,1.2600730493872698,-3.105181780259905,0.15360233678728774,0.7798091673344686,-3.109285008808908,0.0,0.0,0.0,0.09150172086597194,0.058601614823101326,-3.389482763199678,0.09272079236477998,-0.01861038422309582,-3.383982592769554,0.0,0.0,0.0,0.08862072491671973,0.037232135905981636,-3.4134749707125764
165,0.0,0.0,0.0,0.0859365268838003,1.2583616396994763,-3.083038788761913,0.15618827705920252,0.7800070266133386,-3.0831802300636006,0.0,0.0,0.0,0.09059360146154978,0.05663970283152571,-3.3975114864329163,0.09653526033403376,-0.015158048980401758,-3.404303351157812,0.0,0.0,0.0,0.08861651755933343,0.03756940470826981,-3.4111226810748354
166,0.0,0.0,0.0,0.08776245420611144,1.2570752871226811,-3.06645142606781,0.15852389196395802,0.7801458403414422,-3.059858001779719,0.0,0.0,0.0,0.09010275133614494,0.057796762785569396,-3.4021454791171117,0.10163354961777514,-0.012741518667674484,-3.4071247859431524,0.0,0.0,0.0,0.08758825354689379,0.036935044833008364,-3.416690458079078
167,0.0809230573389151,0.7790090736465868,-3.0087331436002835,0.08968575445962972,1.2554565753628844,-3.049046527813296,0.16130292932090548,0.7802513920479668,-3.0324626093738605,0.0,0.0,0.0,0.09062019484225936,0.06354286403757271,-3.3977596334024445,0.10401240183823683,-0.010108470248473224,-3.3836500766056754,0.0,0.0,0.0,0.08890233612420474,0.03877031079290032,-3.4044797966155413
168,0.0,0.0,0.0,0.09193617264329407,1.2534505109488976,-3.02945861972748,0.16481574291596154,0.7803706941247788,-2.9978903622036017,0.0,0.0,0.0,0.09150595374143262,0.07113099090969195,-3.3899593080050963,0.10268115257070293,-0.006001326884915671,-3.344204125607959,0.0,0.0,0.0,0.09040203960593146,0.03972383244876949,-3.3990144971373324
169,0.0,0.0,0.0,0.09658955766224375,1.2501586162826694,-2.989635065407596,0.16772933599103346,0.7804791889624317,-2.9691306010445198,0.0,0.0,0.0,0.09145740653663506,0.07605114411524505,-3.390665920659201,0.09924816684835344,-0.00314866448423777,-3.3206811833901604,0.0,0.0,0.0,0.09200020943955127,0.040709239902586486,-3.3923386233537727
170,0.0,0.0,0.0,0.10122667116468488,1.2476810717262943,-2.9495323120620607,0.1714332721031981,0.7806693809264494,-2.9322291688566047,0.0,0.0,0.0,0.09345715647527919,0.08068832680938061,-3.371727188789711,0.09940646487976318,0.00048263918269856275,-3.297742336325333,0.0,0.0,0.0,0.0,0.0,0.0
171,0.0,0.0,0.0,0.0,0.0,0.0,0.1754093857356669,0.7808982978540432,-2.892384023825445,0.0,0.0,0.0,0.09729524142755719,0.08526559157281514,-3.3351626942018484,0.10145172605051869,0.002317622988462631,-3.2874477370111235,0.0,0.0,0.0,0.09282796052296248,0.049176409748325794,-3.32501241408737
172,0.10191576994563604,0.7799356616305897,-2.8275258285767,0.11100134372917272,1.2396006932620645,-2.8583222599459157,0.0,0.0,0.0,0.0,0.0,0.0,0.1013916601374305,0.08794580113756956,-3.295994472066061,0.10372155371290484,0.003544196525408438,-3.278768625926932,0.0,0.0,0.0,0.09051663329264602,0.054158583446320845,-3.2843541307347963
173,0.10591357493050782,0.78011862673906,-2.7927156533507183,0.11761425049496052,1.2302235646245736,-2.8003090062527103,0.17890625127491483,0.7810720813374076,-2.8567460796256166,0.0,0.0,0.0,0.0,0.0,0.0,0.10892339670152973,0.010105357380223211,-3.2311039583456047,0.0,0.0,0.0,0.08950339943207303,0.05858864311693776,-3.2485590668164335
174,0.0,0.0,0.0,0.11794551599812393,1.2243831592839187,-2.8049328139307836,0.0,0.0,0.0,0.0,0.0,0.0,0.0,0.0,0.0,0.1158203631159522,0.019960873133797234,-3.160501496825332,0.0,0.0,0.0,0.09478012741197028,0.0664899931591226,-3.1881611664993597
175,0.11203716029692702,0.7802716241566431,-2.7389085608544614,0.12544701860614121,1.2150707485282797,-2.745998108124684,0.0,0.0,0.0,0.0,0.0,0.0,0.0,0.0,0.0,0.12527727698311292,0.033072979253885026,-3.0680594955098397,0.0,0.0,0.0,0.0,0.0,0.0
176,0.11392678867599272,0.7802908134355137,-2.7224546161490486,0.0,0.0,0.0,0.0,0.0,0.0,0.17831223207266844,0.48395275847467883,-2.719283202951814,0.0,0.0,0.0,0.13446072121913544,0.0453190317130435,-2.982617675421383,0.0,0.0,0.0,0.0,0.0,0.0
177,0.1166524182234769,0.7804043081056156,-2.6993397173444342,0.12664970497058237,1.2097936879439202,-2.685721807958117,0.0,0.0,0.0,0.0,0.0,0.0,0.1396268918909348,0.11783035009497678,-2.935400586257882,0.0,0.0,0.0,0.0,0.0,0.0,0.0,0.0,0.0
178,0.1204188020265454,0.7806249298758989,-2.6675767424778414,0.0,0.0,0.0,0.1939797977323364,0.7815199058037665,-2.707396229289805,0.0,0.0,0.0,0.0,0.0,0.0,0.0,0.0,0.0,0.0,0.0,0.0,0.0,0.0,0.0
179,0.12347648460457657,0.7808419143851779,-2.641639910129108,0.1208873364748207,1.2076816397609609,-2.646171799119351,0.0,0.0,0.0,0.0,0.0,0.0,0.0,0.0,0.0,0.0,0.0,0.0,0.0,0.0,0.0,0.14875255179424893,0.13096229250691152,-2.7053767441161414
180,0.0,0.0,0.0,0.1227111757595901,1.2052295423200226,-2.619714983654747,0.0,0.0,0.0,0.0,0.0,0.0,0.17937543972939465,0.16674701586544166,-2.5604405338901386,0.0,0.0,0.0,0.0,0.0,0.0,0.16469281222744717,0.1499230625610873,-2.5636279393573354
181,0.12980119920461136,0.781247595701676,-2.5859814774737866,0.12673046919966946,1.202701049610389,-2.591514954321608,0.0,0.0,0.0,0.0,0.0,0.0,0.18650821910821372,0.1746034340226097,-2.492750981320665,0.0,0.0,0.0,0.0,0.0,0.0,0.0,0.0,0.0
182,0.13257167006012008,0.7814086416768246,-2.561883235083713,0.13089519257336663,1.2003588072143603,-2.5622362368941363,0.0,0.0,0.0,0.20073649465373808,0.5076057601869132,-2.501328239487586,0.1942267873710071,0.18539963582497046,-2.4199785775765967,0.0,0.0,0.0,0.0,0.0,0.0,0.1796121118825664,0.16948820521321897,-2.4168266684738637
183,0.13704134743240418,0.7816519138236435,-2.524299182686418,0.13470605972751087,1.1980120554666072,-2.5293849445004017,0.0,0.0,0.0,0.20221420480804914,0.5082955978253871,-2.4869733581222455,0.20048339894086548,0.19742467760001983,-2.361518913291246,0.0,0.0,0.0,0.0,0.0,0.0,0.18518444318220856,0.17710805193204174,-2.3599123309635543
184,0.14077948135324356,0.7818624600375863,-2.492945252642473,0.1385908196763985,1.1954761783410737,-2.493039745854882,0.0,0.0,0.0,0.20756394940493095,0.5120031309081737,-2.4354869009529363,0.20384569822589646,0.2071473404587093,-2.3308728068476534,0.0,0.0,0.0,0.0,0.0,0.0,0.19257277696048117,0.18401584367668006,-2.3097402467610246
185,0.0,0.0,0.0,0.0,0.0,0.0,0.0,0.0,0.0,0.21228761893082798,0.5152482905174041,-2.3905077107827606,0.20946020085733863,0.21771267441926845,-2.2794484355526046,0.0,0.0,0.0,0.0,0.0,0.0,0.200655241853162,0.18859253322152505,-2.2782501393294337
186,0.0,0.0,0.0,0.0,0.0,0.0,0.0,0.0,0.0,0.21708091423031523,0.5180300569930495,-2.345116182945637,0.21034677429082194,0.2195258349649858,-2.2722577167811573,0.0,0.0,0.0,0.0,0.0,0.0,0.20968796233697418,0.1947948798293607,-2.23413406336676
187,0.0,0.0,0.0,0.15299222953062672,1.1840551072332026,-2.369747349440301,0.0,0.0,0.0,0.0,0.0,0.0,0.0,0.0,0.0,0.0,0.0,0.0,0.0,0.0,0.0,0.0,0.0,0.0
188,0.0,0.0,0.0,0.15906150086945137,1.181089568941055,-2.3174451670389624,0.0,0.0,0.0,0.0,0.0,0.0,0.0,0.0,0.0,0.0,0.0,0.0,0.0,0.0,0.0,0.0,0.0,0.0
189,0.0,0.0,0.0,0.0,0.0,0.0,0.0,0.0,0.0,0.0,0.0,0.0,0.0,0.0,0.0,0.0,0.0,0.0,0.0,0.0,0.0,0.0,0.0,0.0
190,0.0,0.0,0.0,0.0,0.0,0.0,0.0,0.0,0.0,0.0,0.0,0.0,0.0,0.0,0.0,0.0,0.0,0.0,0.0,0.0,0.0,0.0,0.0,0.0
191,0.0,0.0,0.0,0.0,0.0,0.0,0.0,0.0,0.0,0.0,0.0,0.0,0.0,0.0,0.0,0.0,0.0,0.0,0.0,0.0,0.0,0.20709233634369537,0.2047701571818826,-2.153688581874889
192,0.0,0.0,0.0,0.18105672022167937,1.1804974901505394,-2.1278588906704523,0.0,0.0,0.0,0.0,0.0,0.0,0.0,0.0,0.0,0.0,0.0,0.0,0.0,0.0,0.0,0.20996765130988979,0.20442463515070872,-2.1541669932275678
193,0.0,0.0,0.0,0.1853867791772456,1.1767320698398154,-2.0907440247721865,0.0,0.0,0.0,0.0,0.0,0.0,0.0,0.0,0.0,0.0,0.0,0.0,0.0,0.0,0.0,0.21650351018094385,0.20680456252417703,-2.1381911585198177
194,0.17934628180999976,0.7839334966217119,-2.0371629203619492,0.0,0.0,0.0,0.0,0.0,0.0,0.0,0.0,0.0,0.0,0.0,0.0,0.0,0.0,0.0,0.0,0.0,0.0,0.0,0.0,0.0
195,0.18535677431034123,0.7841652029518915,-1.9918429617531375,0.0,0.0,0.0,0.26913128592791635,0.7858989024616085,-1.958822429627914,0.0,0.0,0.0,0.0,0.0,0.0,0.0,0.0,0.0,0.0,0.0,0.0,0.0,0.0,0.0
196,0.18779784918890727,0.7842595097665394,-1.9762893701128683,0.19637895257296964,1.1685201323730101,-1.9959715552275448,0.0,0.0,0.0,0.0,0.0,0.0,0.0,0.0,0.0,0.0,0.0,0.0,0.0,0.0,0.0,0.0,0.0,0.0
197,0.19190773805723882,0.7844628561754828,-1.9423305076232846,0.199768229692982,1.1662378928147459,-1.9667901234186889,0.0,0.0,0.0,0.0,0.0,0.0,0.0,0.0,0.0,0.0,0.0,0.0,0.0,0.0,0.0,0.2136016902449714,0.20541683091687674,-2.1182508835859233
198,0.19643719697155437,0.78469233023453,-1.904005772846971,0.20516555701191608,1.1622920447771021,-1.9203349377799923,0.0,0.0,0.0,0.0,0.0,0.0,0.0,0.0,0.0,0.0,0.0,0.0,0.0,0.0,0.0,0.2119155282876706,0.20038188453464337,-2.1174453548479066
199,0.0,0.0,0.0,0.20818801303622603,1.1600268558060822,-1.894287233232382,0.0,0.0,0.0,0.0,0.0,0.0,0.2283209241981648,0.22645625357833568,-2.102395021362462,0.0,0.0,0.0,0.0,0.0,0.0,0.2141009885593769,0.19843510275613663,-2.1030121739363703
200,0.0,0.0,0.0,0.2134165358055642,1.1563094263987606,-1.8493651299389562,0.0,0.0,0.0,0.0,0.0,0.0,0.0,0.0,0.0,0.0,0.0,0.0,0.0,0.0,0.0,0.21616816072015735,0.19806142081288702,-2.0927853844428848
201,0.0,0.0,0.0,0.21818011821867417,1.1529789979402558,-1.8084180892340547,0.0,0.0,0.0,0.0,0.0,0.0,0.22901711175535952,0.22771286522398426,-2.0941006283148575,0.0,0.0,0.0,0.0,0.0,0.0,0.21897649340818678,0.20142123061677683,-2.0684301496156747
202,0.0,0.0,0.0,0.22405658989692245,1.148817739606593,-1.757781246013617,0.0,0.0,0.0,0.0,0.0,0.0,0.23385552091838854,0.23370238558163356,-2.048503981981767,0.0,0.0,0.0,0.0,0.0,0.0,0.22050090130310626,0.205600067625661,-2.0511179000730633
203,0.0,0.0,0.0,0.0,0.0,0.0,0.0,0.0,0.0,0.0,0.0,0.0,0.0,0.0,0.0,0.0,0.0,0.0,0.0,0.0,0.0,0.22594232340464265,0.21656285704732534,-1.9989450988955746
204,0.0,0.0,0.0,0.0,0.0,0.0,-0.0782552465760137,0.7678604758698565,-5.411796233417524,0.0,0.0,0.0,0.0,0.0,0.0,0.0,0.0,0.0,0.0,0.0,0.0,0.2292347079883283,0.22544740505947217,-1.9692073844478295
205,0.0,0.0,0.0,0.0,0.0,0.0,0.0,0.0,0.0,0.0,0.0,0.0,0.0,0.0,0.0,0.0,0.0,0.0,0.0,0.0,0.0,0.2363764334479176,0.23751921669424622,-1.9064522841163394
206,0.0,0.0,0.0,0.0,0.0,0.0,0.0,0.0,0.0,0.0,0.0,0.0,0.0,0.0,0.0,0.0,0.0,0.0,0.0,0.0,0.0,0.0,0.0,0.0
207,0.0,0.0,0.0,0.0,0.0,0.0,0.0,0.0,0.0,-0.09681507180494521,0.3145133463918223,-5.375792680451144,0.0,0.0,0.0,0.0,0.0,0.0,0.0,0.0,0.0,0.0,0.0,0.0
208,0.0,0.0,0.0,0.0,0.0,0.0,0.0,0.0,0.0,0.0,0.0,0.0,0.0,0.0,0.0,0.0,0.0,0.0,0.0,0.0,0.0,0.0,0.0,0.0
209,0.26761135360808713,0.7879506537720272,-1.3015076589603145,0.0,0.0,0.0,0.0,0.0,0.0,0.0,0.0,0.0,0.0,0.0,0.0,0.0,0.0,0.0,0.0,0.0,0.0,0.0,0.0,0.0
210,0.0,0.0,0.0,0.0,0.0,0.0,0.0,0.0,0.0,0.0,0.0,0.0,0.0,0.0,0.0,0.0,0.0,0.0,0.0,0.0,0.0,0.0,0.0,0.0
211,0.0,0.0,0.0,0.0,0.0,0.0,0.0,0.0,0.0,0.0,0.0,0.0,0.0,0.0,0.0,0.0,0.0,0.0,0.0,0.0,0.0,0.0,0.0,0.0
212,0.26822795734767174,0.7879289814164877,-1.3053625355959675,0.0,0.0,0.0,0.0,0.0,0.0,-0.0890060742367454,0.33482854032484194,-5.300931848345813,0.0,0.0,0.0,0.0,0.0,0.0,0.0,0.0,0.0,0.0,0.0,0.0
213,0.0,0.0,0.0,0.0,0.0,0.0,0.0,0.0,0.0,0.0,0.0,0.0,0.0,0.0,0.0,0.0,0.0,0.0,0.0,0.0,0.0,0.0,0.0,0.0
214,0.0,0.0,0.0,0.0,0.0,0.0,0.0,0.0,0.0,0.0,0.0,0.0,0.0,0.0,0.0,0.0,0.0,0.0,0.0,0.0,0.0,0.0,0.0,0.0
215,0.2706231242219853,0.7881698379801912,-1.2683896859876258,0.0,0.0,0.0,0.0,0.0,0.0,0.0,0.0,0.0,0.0,0.0,0.0,0.0,0.0,0.0,0.0,0.0,0.0,0.0,0.0,0.0
216,0.0,0.0,0.0,0.0,0.0,0.0,0.0,0.0,0.0,0.0,0.0,0.0,0.0,0.0,0.0,0.0,0.0,0.0,0.0,0.0,0.0,0.0,0.0,0.0
217,0.0,0.0,0.0,0.0,0.0,0.0,0.0,0.0,0.0,0.0,0.0,0.0,0.0,0.0,0.0,0.0,0.0,0.0,0.0,0.0,0.0,0.0,0.0,0.0
218,0.0,0.0,0.0,0.0,0.0,0.0,0.0,0.0,0.0,0.0,0.0,0.0,0.0,0.0,0.0,0.0,0.0,0.0,0.0,0.0,0.0,0.0,0.0,0.0
219,0.0,0.0,0.0,0.0,0.0,0.0,0.0,0.0,0.0,0.0,0.0,0.0,0.0,0.0,0.0,0.0,0.0,0.0,0.0,0.0,0.0,0.0,0.0,0.0
220,0.0,0.0,0.0,0.0,0.0,0.0,0.0,0.0,0.0,0.0,0.0,0.0,0.0,0.0,0.0,0.0,0.0,0.0,0.0,0.0,0.0,0.0,0.0,0.0
221,0.0,0.0,0.0,0.0,0.0,0.0,0.0,0.0,0.0,0.0,0.0,0.0,0.0,0.0,0.0,0.0,0.0,0.0,0.0,0.0,0.0,0.0,0.0,0.0
222,0.0,0.0,0.0,0.0,0.0,0.0,0.0,0.0,0.0,0.0,0.0,0.0,0.0,0.0,0.0,0.0,0.0,0.0,0.0,0.0,0.0,0.0,0.0,0.0
223,0.0,0.0,0.0,0.0,0.0,0.0,0.0,0.0,0.0,0.0,0.0,0.0,0.0,0.0,0.0,0.0,0.0,0.0,0.0,0.0,0.0,0.0,0.0,0.0
224,0.0,0.0,0.0,0.0,0.0,0.0,0.0,0.0,0.0,0.0,0.0,0.0,0.0,0.0,0.0,0.0,0.0,0.0,0.0,0.0,0.0,0.0,0.0,0.0
225,0.0,0.0,0.0,0.0,0.0,0.0,0.0,0.0,0.0,0.0,0.0,0.0,0.0,0.0,0.0,0.0,0.0,0.0,0.0,0.0,0.0,0.0,0.0,0.0
226,0.0,0.0,0.0,0.0,0.0,0.0,0.0,0.0,0.0,0.0,0.0,0.0,0.0,0.0,0.0,0.0,0.0,0.0,0.0,0.0,0.0,0.0,0.0,0.0
227,0.0,0.0,0.0,0.0,0.0,0.0,0.0,0.0,0.0,0.0,0.0,0.0,0.0,0.0,0.0,0.0,0.0,0.0,0.0,0.0,0.0,0.0,0.0,0.0
228,0.0,0.0,0.0,0.0,0.0,0.0,0.0,0.0,0.0,0.0,0.0,0.0,0.0,0.0,0.0,0.0,0.0,0.0,0.0,0.0,0.0,0.0,0.0,0.0
229,0.0,0.0,0.0,0.0,0.0,0.0,0.0,0.0,0.0,0.0,0.0,0.0,0.0,0.0,0.0,0.0,0.0,0.0,0.0,0.0,0.0,0.0,0.0,0.0
230,0.0,0.0,0.0,0.0,0.0,0.0,0.0,0.0,0.0,-0.08898939480784554,0.31222058686435056,-5.302784241237157,0.0,0.0,0.0,0.0,0.0,0.0,0.0,0.0,0.0,0.0,0.0,0.0
231,0.0,0.0,0.0,0.0,0.0,0.0,0.0,0.0,0.0,0.0,0.0,0.0,0.0,0.0,0.0,0.0,0.0,0.0,0.0,0.0,0.0,0.0,0.0,0.0
232,0.0,0.0,0.0,0.0,0.0,0.0,0.0,0.0,0.0,0.0,0.0,0.0,0.0,0.0,0.0,0.0,0.0,0.0,0.0,0.0,0.0,0.0,0.0,0.0
233,0.0,0.0,0.0,0.0,0.0,0.0,0.0,0.0,0.0,0.0,0.0,0.0,0.0,0.0,0.0,0.0,0.0,0.0,0.0,0.0,0.0,0.0,0.0,0.0
234,0.0,0.0,0.0,0.0,0.0,0.0,0.0,0.0,0.0,0.0,0.0,0.0,0.0,0.0,0.0,0.0,0.0,0.0,0.0,0.0,0.0,0.0,0.0,0.0
235,0.0,0.0,0.0,0.0,0.0,0.0,0.0,0.0,0.0,-0.09135435154090306,0.31068489280029105,-5.325276251151067,0.0,0.0,0.0,0.0,0.0,0.0,0.0,0.0,0.0,0.0,0.0,0.0
236,0.0,0.0,0.0,0.0,0.0,0.0,0.0,0.0,0.0,0.0,0.0,0.0,0.0,0.0,0.0,0.0,0.0,0.0,0.0,0.0,0.0,0.0,0.0,0.0
237,0.0,0.0,0.0,0.0,0.0,0.0,0.0,0.0,0.0,0.0,0.0,0.0,0.0,0.0,0.0,0.0,0.0,0.0,0.0,0.0,0.0,0.0,0.0,0.0
238,0.0,0.0,0.0,0.0,0.0,0.0,0.0,0.0,0.0,0.0,0.0,0.0,0.0,0.0,0.0,0.0,0.0,0.0,0.0,0.0,0.0,0.0,0.0,0.0
239,-0.1831109748082924,0.7671627951860001,-5.147323519557363,0.0,0.0,0.0,0.0,0.0,0.0,0.0,0.0,0.0,0.0,0.0,0.0,0.0,0.0,0.0,0.0,0.0,0.0,0.0,0.0,0.0
240,0.0,0.0,0.0,0.0,0.0,0.0,0.0,0.0,0.0,0.0,0.0,0.0,0.0,0.0,0.0,0.0,0.0,0.0,0.0,0.0,0.0,0.0,0.0,0.0
241,-0.16671664712466236,0.7670318720441545,-5.138655487184915,0.0,0.0,0.0,0.0,0.0,0.0,0.0,0.0,0.0,0.0,0.0,0.0,0.0,0.0,0.0,0.0,0.0,0.0,0.0,0.0,0.0
242,0.0,0.0,0.0,0.0,0.0,0.0,0.0,0.0,0.0,0.0,0.0,0.0,0.0,0.0,0.0,0.0,0.0,0.0,0.0,0.0,0.0,0.0,0.0,0.0
243,-0.16477941234332508,0.7670620674145604,-5.129984031012061,0.0,0.0,0.0,0.0,0.0,0.0,0.0,0.0,0.0,0.0,0.0,0.0,0.0,0.0,0.0,0.0,0.0,0.0,0.0,0.0,0.0
244,0.0,0.0,0.0,0.0,0.0,0.0,0.0,0.0,0.0,0.0,0.0,0.0,0.0,0.0,0.0,0.0,0.0,0.0,0.0,0.0,0.0,0.0,0.0,0.0
245,0.0,0.0,0.0,0.0,0.0,0.0,0.0,0.0,0.0,0.0,0.0,0.0,0.0,0.0,0.0,0.0,0.0,0.0,0.0,0.0,0.0,0.0,0.0,0.0
246,0.0,0.0,0.0,0.0,0.0,0.0,0.0,0.0,0.0,0.0,0.0,0.0,0.0,0.0,0.0,0.0,0.0,0.0,0.0,0.0,0.0,0.0,0.0,0.0
247,0.0,0.0,0.0,0.0,0.0,0.0,0.0,0.0,0.0,0.0,0.0,0.0,0.0,0.0,0.0,0.0,0.0,0.0,0.0,0.0,0.0,0.0,0.0,0.0
248,0.0,0.0,0.0,0.0,0.0,0.0,0.0,0.0,0.0,0.0,0.0,0.0,0.0,0.0,0.0,0.0,0.0,0.0,0.0,0.0,0.0,0.0,0.0,0.0
249,0.0,0.0,0.0,0.0,0.0,0.0,0.0,0.0,0.0,0.0,0.0,0.0,0.0,0.0,0.0,0.0,0.0,0.0,0.0,0.0,0.0,0.0,0.0,0.0
250,0.0,0.0,0.0,0.0,0.0,0.0,0.0,0.0,0.0,0.0,0.0,0.0,0.0,0.0,0.0,0.0,0.0,0.0,0.0,0.0,0.0,0.0,0.0,0.0
251,0.0,0.0,0.0,0.0,0.0,0.0,0.0,0.0,0.0,0.0,0.0,0.0,0.0,0.0,0.0,0.0,0.0,0.0,0.0,0.0,0.0,0.0,0.0,0.0
252,0.0,0.0,0.0,0.0,0.0,0.0,0.0,0.0,0.0,0.0,0.0,0.0,0.0,0.0,0.0,0.0,0.0,0.0,0.0,0.0,0.0,0.0,0.0,0.0
253,0.0,0.0,0.0,0.0,0.0,0.0,0.0,0.0,0.0,0.0,0.0,0.0,0.0,0.0,0.0,0.0,0.0,0.0,0.0,0.0,0.0,0.0,0.0,0.0
254,0.0,0.0,0.0,0.0,0.0,0.0,0.0,0.0,0.0,0.0,0.0,0.0,0.0,0.0,0.0,0.0,0.0,0.0,0.0,0.0,0.0,0.0,0.0,0.0
255,0.0,0.0,0.0,0.0,0.0,0.0,0.0,0.0,0.0,0.0,0.0,0.0,0.0,0.0,0.0,0.0,0.0,0.0,0.0,0.0,0.0,0.0,0.0,0.0
256,0.0,0.0,0.0,0.0,0.0,0.0,0.0,0.0,0.0,0.0,0.0,0.0,0.0,0.0,0.0,0.0,0.0,0.0,0.0,0.0,0.0,0.0,0.0,0.0
257,0.0,0.0,0.0,0.0,0.0,0.0,0.0,0.0,0.0,0.0,0.0,0.0,0.0,0.0,0.0,0.0,0.0,0.0,0.0,0.0,0.0,0.0,0.0,0.0
258,0.0,0.0,0.0,0.0,0.0,0.0,-0.07374200933614508,0.7689802426796235,-5.3684255131048335,0.0,0.0,0.0,0.0,0.0,0.0,0.0,0.0,0.0,0.0,0.0,0.0,0.0,0.0,0.0
259,0.0,0.0,0.0,0.0,0.0,0.0,0.0,0.0,0.0,0.0,0.0,0.0,0.0,0.0,0.0,0.0,0.0,0.0,0.0,0.0,0.0,0.0,0.0,0.0
260,0.0,0.0,0.0,0.0,0.0,0.0,0.0,0.0,0.0,0.0,0.0,0.0,0.0,0.0,0.0,0.0,0.0,0.0,0.0,0.0,0.0,0.0,0.0,0.0
261,0.0,0.0,0.0,0.0,0.0,0.0,0.0,0.0,0.0,0.0,0.0,0.0,0.0,0.0,0.0,0.0,0.0,0.0,0.0,0.0,0.0,0.0,0.0,0.0
262,0.0,0.0,0.0,0.0,0.0,0.0,0.0,0.0,0.0,0.0,0.0,0.0,0.0,0.0,0.0,0.0,0.0,0.0,0.0,0.0,0.0,0.0,0.0,0.0
263,0.0,0.0,0.0,0.0,0.0,0.0,0.0,0.0,0.0,0.0,0.0,0.0,0.0,0.0,0.0,0.0,0.0,0.0,0.0,0.0,0.0,0.0,0.0,0.0
264,0.0,0.0,0.0,0.0,0.0,0.0,0.0,0.0,0.0,0.0,0.0,0.0,0.0,0.0,0.0,0.0,0.0,0.0,0.0,0.0,0.0,0.0,0.0,0.0
265,0.0,0.0,0.0,0.0,0.0,0.0,0.0,0.0,0.0,0.0,0.0,0.0,0.0,0.0,0.0,0.0,0.0,0.0,0.0,0.0,0.0,0.0,0.0,0.0
266,0.0,0.0,0.0,0.0,0.0,0.0,0.0,0.0,0.0,0.0,0.0,0.0,0.0,0.0,0.0,0.0,0.0,0.0,0.0,0.0,0.0,0.0,0.0,0.0
267,0.0,0.0,0.0,0.0,0.0,0.0,0.0,0.0,0.0,-0.0894182406054959,0.3359127209455294,-5.306276339768615,0.0,0.0,0.0,0.0,0.0,0.0,0.0,0.0,0.0,0.0,0.0,0.0
268,0.0,0.0,0.0,0.0,0.0,0.0,0.0,0.0,0.0,0.0,0.0,0.0,0.0,0.0,0.0,0.0,0.0,0.0,0.0,0.0,0.0,0.0,0.0,0.0
269,0.0,0.0,0.0,0.0,0.0,0.0,0.0,0.0,0.0,0.0,0.0,0.0,0.0,0.0,0.0,0.0,0.0,0.0,0.0,0.0,0.0,0.0,0.0,0.0
270,0.0,0.0,0.0,0.0,0.0,0.0,0.0,0.0,0.0,0.0,0.0,0.0,0.0,0.0,0.0,0.0,0.0,0.0,0.0,0.0,0.0,0.0,0.0,0.0
271,0.0,0.0,0.0,0.0,0.0,0.0,-0.07359995997665282,0.7850386972772548,-5.367474563567603,0.0,0.0,0.0,0.0,0.0,0.0,0.0,0.0,0.0,0.0,0.0,0.0,0.0,0.0,0.0
272,0.0,0.0,0.0,0.0,0.0,0.0,0.0,0.0,0.0,0.0,0.0,0.0,0.0,0.0,0.0,0.0,0.0,0.0,0.0,0.0,0.0,0.0,0.0,0.0
273,0.0,0.0,0.0,0.0,0.0,0.0,0.0,0.0,0.0,0.0,0.0,0.0,0.0,0.0,0.0,0.0,0.0,0.0,0.0,0.0,0.0,0.0,0.0,0.0
274,0.0,0.0,0.0,0.0,0.0,0.0,0.0,0.0,0.0,0.0,0.0,0.0,0.0,0.0,0.0,0.0,0.0,0.0,0.0,0.0,0.0,0.0,0.0,0.0
275,0.0,0.0,0.0,0.0,0.0,0.0,0.0,0.0,0.0,0.0,0.0,0.0,0.0,0.0,0.0,0.0,0.0,0.0,0.0,0.0,0.0,0.0,0.0,0.0
276,0.0,0.0,0.0,0.0,0.0,0.0,0.0,0.0,0.0,0.0,0.0,0.0,0.0,0.0,0.0,0.0,0.0,0.0,0.0,0.0,0.0,0.0,0.0,0.0
277,-0.16916358890402272,0.7676841781929058,-5.163928961075224,0.0,0.0,0.0,0.0,0.0,0.0,0.0,0.0,0.0,0.0,0.0,0.0,0.0,0.0,0.0,0.0,0.0,0.0,0.0,0.0,0.0
278,0.0,0.0,0.0,0.0,0.0,0.0,0.0,0.0,0.0,0.0,0.0,0.0,0.0,0.0,0.0,0.0,0.0,0.0,0.0,0.0,0.0,0.0,0.0,0.0
279,0.0,0.0,0.0,0.0,0.0,0.0,0.0,0.0,0.0,0.0,0.0,0.0,0.0,0.0,0.0,0.0,0.0,0.0,0.0,0.0,0.0,0.0,0.0,0.0
